publishDate,publishMs,songmid,songId,title,artists,albummid,albumId,album,durationSec,qqmusic,webUrl
2015/9/15,1.44E+12,004duleL0cfGGL,201581615,白日梦想家,GAI周延,000V9hG60iuFdQ,1966876,白日梦想家,175,"qqmusic://qq.com/media/playSonglist?p={""song"":[{""type"":""0"",""songmid"":""004duleL0cfGGL""}],""action"":""play""}",https://y.qq.com/n/ryqq/songDetail/004duleL0cfGGL
2015/11/11,1.45E+12,001g4sfl3ws5sD,201587353,可爱女孩,3Bangz/GAI周延/Chace,001j0EDY4S2d4h,1969850,可爱女孩,182,"qqmusic://qq.com/media/playSonglist?p={""song"":[{""type"":""0"",""songmid"":""001g4sfl3ws5sD""}],""action"":""play""}",https://y.qq.com/n/ryqq/songDetail/001g4sfl3ws5sD
2016/7/24,1.47E+12,002dZgkR2CY1iC,203041354,空城计,GAI周延,002DCgF32dwOW0,2142425,空城计,241,"qqmusic://qq.com/media/playSonglist?p={""song"":[{""type"":""0"",""songmid"":""002dZgkR2CY1iC""}],""action"":""play""}",https://y.qq.com/n/ryqq/songDetail/002dZgkR2CY1iC
2016/9/7,1.47318E+12,000vg64g23WJpX,108961220,鹳雀楼,Blow Fever/GAI周延,002YMLPo3LkgHH,1656538,CAMO,149,"qqmusic://qq.com/media/playSonglist?p={""song"":[{""type"":""0"",""songmid"":""000vg64g23WJpX""}],""action"":""play""}",https://y.qq.com/n/ryqq/songDetail/000vg64g23WJpX
2017/3/4,1.49E+12,002RPWP346DD1K,203044839,耍没耍过的,布瑞吉Bridge/雾都L4WUDU/GAI周延,003pQfhQ1MN8Td,2142786,耍没耍过的,221,"qqmusic://qq.com/media/playSonglist?p={""song"":[{""type"":""0"",""songmid"":""002RPWP346DD1K""}],""action"":""play""}",https://y.qq.com/n/ryqq/songDetail/002RPWP346DD1K
2017/4/27,1.49322E+12,004DJPc732vmCX,203033395,Rainbow,GAI周延/布瑞吉Bridge,0028I7Hc10GMdq,2141630,Rainbow,214,"qqmusic://qq.com/media/playSonglist?p={""song"":[{""type"":""0"",""songmid"":""004DJPc732vmCX""}],""action"":""play""}",https://y.qq.com/n/ryqq/songDetail/004DJPc732vmCX
2017/6/24,1.49823E+12,00095Htd04hhv6,202882747,GAI海选清唱片段 (Live),GAI周延,004BlBLW37MIcB,2124676,中国有嘻哈 第1期,32,"qqmusic://qq.com/media/playSonglist?p={""song"":[{""type"":""0"",""songmid"":""00095Htd04hhv6""}],""action"":""play""}",https://y.qq.com/n/ryqq/songDetail/00095Htd04hhv6
2017/7/15,1.50005E+12,0045tpsF2ef1zp,203255324,只听自己的歌 (Live),GAI周延/赵昱涛Ao,001c8fpg0x7kIK,2164106,中国有嘻哈 第4期,132,"qqmusic://qq.com/media/playSonglist?p={""song"":[{""type"":""0"",""songmid"":""0045tpsF2ef1zp""}],""action"":""play""}",https://y.qq.com/n/ryqq/songDetail/0045tpsF2ef1zp
2017/8/7,1.50204E+12,003hYNWq2WY4Gk,203523082,你猜我猜不猜,GAI周延/布瑞吉Bridge,0045hYC20b9bph,2197111,你猜我猜不猜,201,"qqmusic://qq.com/media/playSonglist?p={""song"":[{""type"":""0"",""songmid"":""003hYNWq2WY4Gk""}],""action"":""play""}",https://y.qq.com/n/ryqq/songDetail/003hYNWq2WY4Gk
2017/8/12,1.50247E+12,003SdZkE0VnxIB,203620407,Street Fighter (Live),GAI周延/艾福杰尼/黄旭/大笑,000MISZa1VWIJe,2204530,中国有嘻哈 第8期,171,"qqmusic://qq.com/media/playSonglist?p={""song"":[{""type"":""0"",""songmid"":""003SdZkE0VnxIB""}],""action"":""play""}",https://y.qq.com/n/ryqq/songDetail/003SdZkE0VnxIB
2017/8/17,1.50E+12,001sGqrO1jYAyf,203640238,王者降临,GAI周延,004N1eR21h7eTi,2207396,王者降临,174,"qqmusic://qq.com/media/playSonglist?p={""song"":[{""type"":""0"",""songmid"":""001sGqrO1jYAyf""}],""action"":""play""}",https://y.qq.com/n/ryqq/songDetail/001sGqrO1jYAyf
2017/8/19,1.50307E+12,0045YdtG4FSRLN,203650936,凡人歌 (Live),张震岳/MC HotDog 热狗/黄旭/GAI周延,001dfi1U1SkgF7,2209360,中国有嘻哈 第9期,269,"qqmusic://qq.com/media/playSonglist?p={""song"":[{""type"":""0"",""songmid"":""0045YdtG4FSRLN""}],""action"":""play""}",https://y.qq.com/n/ryqq/songDetail/0045YdtG4FSRLN
2017/8/26,1.50368E+12,000yw7ED4bPPL8,203705575,苦行僧 (Live),GAI周延,000zVIGt2L9Vfp,2217243,中国有嘻哈 第10期,143,"qqmusic://qq.com/media/playSonglist?p={""song"":[{""type"":""0"",""songmid"":""000yw7ED4bPPL8""}],""action"":""play""}",https://y.qq.com/n/ryqq/songDetail/000yw7ED4bPPL8
2017/8/30,1.50E+12,002wJ7mH0UD3Jb,203737170,重庆茶馆,布瑞吉Bridge/GAI周延/Toryondacloud,004YusWS4ZXTJt,2221362,川渝陷阱,167,"qqmusic://qq.com/media/playSonglist?p={""song"":[{""type"":""0"",""songmid"":""002wJ7mH0UD3Jb""}],""action"":""play""}",https://y.qq.com/n/ryqq/songDetail/002wJ7mH0UD3Jb
2017/9/2,1.50428E+12,001IJtB91Yyruv,203762604,Papillon (Live),王嘉尔/GAI周延,001opXoW3imfj9,2225079,中国有嘻哈 第11期,173,"qqmusic://qq.com/media/playSonglist?p={""song"":[{""type"":""0"",""songmid"":""001IJtB91Yyruv""}],""action"":""play""}",https://y.qq.com/n/ryqq/songDetail/001IJtB91Yyruv
2017/9/8,1.50E+12,000CSdxX3wGIxz,203811048,没钱咋个整,GAI周延,000BGsgv1tLNWh,2232399,没钱咋个整,236,"qqmusic://qq.com/media/playSonglist?p={""song"":[{""type"":""0"",""songmid"":""000CSdxX3wGIxz""}],""action"":""play""}",https://y.qq.com/n/ryqq/songDetail/000CSdxX3wGIxz
2017/9/9,1.50E+12,000PYR0M2UUQYY,203814013,为梦打Call,GAI周延,003g0uA81QiUMc,2232845,为梦打Call,169,"qqmusic://qq.com/media/playSonglist?p={""song"":[{""type"":""0"",""songmid"":""000PYR0M2UUQYY""}],""action"":""play""}",https://y.qq.com/n/ryqq/songDetail/000PYR0M2UUQYY
2017/9/9,1.50489E+12,003qlAVJ0ykrKY,203814020,重庆魂 (Live),GAI周延,002LiyZW27dGjC,2225086,中国有嘻哈 第12期,174,"qqmusic://qq.com/media/playSonglist?p={""song"":[{""type"":""0"",""songmid"":""003qlAVJ0ykrKY""}],""action"":""play""}",https://y.qq.com/n/ryqq/songDetail/003qlAVJ0ykrKY
2017/9/9,1.50489E+12,0040uMKB2A2oH2,203814022,一百零八 (Live),GAI周延,002LiyZW27dGjC,2225086,中国有嘻哈 第12期,166,"qqmusic://qq.com/media/playSonglist?p={""song"":[{""type"":""0"",""songmid"":""0040uMKB2A2oH2""}],""action"":""play""}",https://y.qq.com/n/ryqq/songDetail/0040uMKB2A2oH2
2017/9/29,1.50661E+12,001VdTJl4Ckvds,204258039,好运来,祖海/GAI周延,002vpNkb4Pk8Uk,2268545,好运来,203,"qqmusic://qq.com/media/playSonglist?p={""song"":[{""type"":""0"",""songmid"":""001VdTJl4Ckvds""}],""action"":""play""}",https://y.qq.com/n/ryqq/songDetail/001VdTJl4Ckvds
2017/10/22,1.5086E+12,002yl8Vj1Sv3F7,204778872,勇敢一点 (Live),GAI周延,002rJ9gT0r1hBt,2345364,蒙面唱将猜猜猜第二季 第7期,253,"qqmusic://qq.com/media/playSonglist?p={""song"":[{""type"":""0"",""songmid"":""002yl8Vj1Sv3F7""}],""action"":""play""}",https://y.qq.com/n/ryqq/songDetail/002yl8Vj1Sv3F7
2017/10/27,1.51E+12,002la7Nx4cEgu0,203745881,Ding Ling Ding,蜜妞Miko/GAI周延,001Ms2wN3Pslx1,2222677,Ding Ling Ding,176,"qqmusic://qq.com/media/playSonglist?p={""song"":[{""type"":""0"",""songmid"":""002la7Nx4cEgu0""}],""action"":""play""}",https://y.qq.com/n/ryqq/songDetail/002la7Nx4cEgu0
2017/10/29,1.50921E+12,002Zo9kj3wvU55,206125078,不要说话 (Live),GAI周延/雪村,004Xzmvo1WXAQY,2513689,蒙面唱将猜猜猜第二季 第8期,225,"qqmusic://qq.com/media/playSonglist?p={""song"":[{""type"":""0"",""songmid"":""002Zo9kj3wvU55""}],""action"":""play""}",https://y.qq.com/n/ryqq/songDetail/002Zo9kj3wvU55
2017/11/5,1.50981E+12,001OkO4N2XAlzW,208199631,爱如潮水 (Live),GAI周延,003OdTlD1p5J2s,2769982,蒙面唱将猜猜猜第二季 第9期,226,"qqmusic://qq.com/media/playSonglist?p={""song"":[{""type"":""0"",""songmid"":""001OkO4N2XAlzW""}],""action"":""play""}",https://y.qq.com/n/ryqq/songDetail/001OkO4N2XAlzW
2017/11/5,1.50981E+12,003Z0z6743Lq2a,208199637,思念是一种病 (Live),GAI周延/王心凌,003OdTlD1p5J2s,2769982,蒙面唱将猜猜猜第二季 第9期,240,"qqmusic://qq.com/media/playSonglist?p={""song"":[{""type"":""0"",""songmid"":""003Z0z6743Lq2a""}],""action"":""play""}",https://y.qq.com/n/ryqq/songDetail/003Z0z6743Lq2a
2017/11/5,1.51E+12,002CdBiZ1ggk5U,352053202,爱如潮水,GAI周延,001zTBOj3RlvJR,26924273,爱如潮水,226,"qqmusic://qq.com/media/playSonglist?p={""song"":[{""type"":""0"",""songmid"":""002CdBiZ1ggk5U""}],""action"":""play""}",https://y.qq.com/n/ryqq/songDetail/002CdBiZ1ggk5U
2017/11/14,1.51E+12,002vBBuX0F3Jen,212608499,风光超级行,GAI周延,0025D8oV2h0l5q,3827677,风光超级行,159,"qqmusic://qq.com/media/playSonglist?p={""song"":[{""type"":""0"",""songmid"":""002vBBuX0F3Jen""}],""action"":""play""}",https://y.qq.com/n/ryqq/songDetail/002vBBuX0F3Jen
2017/11/15,1.51E+12,000RvnlZ1zEI9B,641640904,大师 (Single Version),GAI周延,004aGsCz0FShXl,85080352,大师,201,"qqmusic://qq.com/media/playSonglist?p={""song"":[{""type"":""0"",""songmid"":""000RvnlZ1zEI9B""}],""action"":""play""}",https://y.qq.com/n/ryqq/songDetail/000RvnlZ1zEI9B
2017/11/21,1.51E+12,002XHFqB0q6H08,211845649,菜商卡头和车手,GAI周延,000K33zp27RhIj,3292027,菜商卡头和车手,188,"qqmusic://qq.com/media/playSonglist?p={""song"":[{""type"":""0"",""songmid"":""002XHFqB0q6H08""}],""action"":""play""}",https://y.qq.com/n/ryqq/songDetail/002XHFqB0q6H08
2017/11/29,1.51E+12,004HQ4093IT3V4,212002608,凡人修仙,GAI周延,0011mOWB1YOi5R,3316888,凡人修仙,183,"qqmusic://qq.com/media/playSonglist?p={""song"":[{""type"":""0"",""songmid"":""004HQ4093IT3V4""}],""action"":""play""}",https://y.qq.com/n/ryqq/songDetail/004HQ4093IT3V4
2017/12/31,1.51465E+12,0049Cxru3uLO9W,212683136,漫步人生路 (Live),G.E.M.邓紫棋/GAI周延,000e36et0VmUI4,3851622,“让幸福照亮你”江苏卫视2018跨年演唱会,282,"qqmusic://qq.com/media/playSonglist?p={""song"":[{""type"":""0"",""songmid"":""0049Cxru3uLO9W""}],""action"":""play""}",https://y.qq.com/n/ryqq/songDetail/0049Cxru3uLO9W
2018/1/12,1.51569E+12,00280Zus1Edlgy,212846372,沧海一声笑 (Live),GAI周延,003ZOtVw45ry2U,3877672,歌手第二季 第1期,255,"qqmusic://qq.com/media/playSonglist?p={""song"":[{""type"":""0"",""songmid"":""00280Zus1Edlgy""}],""action"":""play""}",https://y.qq.com/n/ryqq/songDetail/00280Zus1Edlgy
2018/1/15,1.51595E+12,003YMaxM2L7svY,212846661,都市惊奇夜,GAI周延/双笙 (陈元汐),004V1gah2eK1LA,3877726,都市惊奇夜,203,"qqmusic://qq.com/media/playSonglist?p={""song"":[{""type"":""0"",""songmid"":""003YMaxM2L7svY""}],""action"":""play""}",https://y.qq.com/n/ryqq/songDetail/003YMaxM2L7svY
2018/1/22,1.52E+12,003SHKTJ2tt412,212897743,盖世英雄,GAI周延,001HFBUx4ACixv,3886516,盖世英雄,183,"qqmusic://qq.com/media/playSonglist?p={""song"":[{""type"":""0"",""songmid"":""003SHKTJ2tt412""}],""action"":""play""}",https://y.qq.com/n/ryqq/songDetail/003SHKTJ2tt412
2018/2/3,1.51759E+12,002SoB8V3JKoCx,213023166,苦行僧 (Live),GAI周延,004DS6no1YJwRt,3903815,Door&Key Hiphop Tour北京站,161,"qqmusic://qq.com/media/playSonglist?p={""song"":[{""type"":""0"",""songmid"":""002SoB8V3JKoCx""}],""action"":""play""}",https://y.qq.com/n/ryqq/songDetail/002SoB8V3JKoCx
2018/3/21,1.52156E+12,001gRhhw3nwjDf,213386113,长河,GAI周延/盛宇D-SHINE/布瑞吉Bridge,00367Cpg1m4Fvz,3963686,长河,297,"qqmusic://qq.com/media/playSonglist?p={""song"":[{""type"":""0"",""songmid"":""001gRhhw3nwjDf""}],""action"":""play""}",https://y.qq.com/n/ryqq/songDetail/001gRhhw3nwjDf
2018/4/8,1.52E+12,000O8u993oAHDk,331819784,炽热少年,GAI周延/许魏洲,003yBtqq3oQ4Uw,23271629,炽热少年,228,"qqmusic://qq.com/media/playSonglist?p={""song"":[{""type"":""0"",""songmid"":""000O8u993oAHDk""}],""action"":""play""}",https://y.qq.com/n/ryqq/songDetail/000O8u993oAHDk
2018/5/25,1.52718E+12,004LNbxR31gUMX,213989314,万里长城,GAI周延,001IphcP2l1cXT,4057041,万里长城,228,"qqmusic://qq.com/media/playSonglist?p={""song"":[{""type"":""0"",""songmid"":""004LNbxR31gUMX""}],""action"":""play""}",https://y.qq.com/n/ryqq/songDetail/004LNbxR31gUMX
2018/6/11,1.53E+12,000k7mCu4ClgM8,216143844,爱难脱身,谭维维/GAI周延,000laC3r237XD4,4405691,脱身 电视原声带,234,"qqmusic://qq.com/media/playSonglist?p={""song"":[{""type"":""0"",""songmid"":""000k7mCu4ClgM8""}],""action"":""play""}",https://y.qq.com/n/ryqq/songDetail/000k7mCu4ClgM8
2018/6/22,1.53E+12,002CHZ8X0PAKXJ,214153690,圆周率,GAI周延,003uePW80fqVQG,4090489,圆周率,151,"qqmusic://qq.com/media/playSonglist?p={""song"":[{""type"":""0"",""songmid"":""002CHZ8X0PAKXJ""}],""action"":""play""}",https://y.qq.com/n/ryqq/songDetail/002CHZ8X0PAKXJ
2018/7/20,1.53202E+12,002UexL40qXBHN,214784877,见字如面,GAI周延,004a1Pzy39RQWd,4197032,见字如面,195,"qqmusic://qq.com/media/playSonglist?p={""song"":[{""type"":""0"",""songmid"":""002UexL40qXBHN""}],""action"":""play""}",https://y.qq.com/n/ryqq/songDetail/002UexL40qXBHN
2018/7/20,1.53202E+12,000Nogp03JWtFd,214784880,垃圾话,GAI周延,004a1Pzy39RQWd,4197032,见字如面,226,"qqmusic://qq.com/media/playSonglist?p={""song"":[{""type"":""0"",""songmid"":""000Nogp03JWtFd""}],""action"":""play""}",https://y.qq.com/n/ryqq/songDetail/000Nogp03JWtFd
2018/8/15,1.53426E+12,004HOyMz2rtKLv,215745558,山外青山楼外楼,李嘉格/GAI周延,000xP3ee2xOpv9,4347627,山外青山楼外楼,253,"qqmusic://qq.com/media/playSonglist?p={""song"":[{""type"":""0"",""songmid"":""004HOyMz2rtKLv""}],""action"":""play""}",https://y.qq.com/n/ryqq/songDetail/004HOyMz2rtKLv
2018/8/20,1.53469E+12,000b8AC11CsNtI,215832578,豁得凶,GAI周延,001UiDli4W7atj,4360213,豁得凶,204,"qqmusic://qq.com/media/playSonglist?p={""song"":[{""type"":""0"",""songmid"":""000b8AC11CsNtI""}],""action"":""play""}",https://y.qq.com/n/ryqq/songDetail/000b8AC11CsNtI
2018/10/10,1.54E+12,004OL3iS11TMr2,217933297,圆周率,GAI周延,003MS8RP1GyP9f,4752097,光宗耀祖,153,"qqmusic://qq.com/media/playSonglist?p={""song"":[{""type"":""0"",""songmid"":""004OL3iS11TMr2""}],""action"":""play""}",https://y.qq.com/n/ryqq/songDetail/004OL3iS11TMr2
2018/10/10,1.54E+12,001tt9i238tTLS,217933300,见字如面,GAI周延,003MS8RP1GyP9f,4752097,光宗耀祖,195,"qqmusic://qq.com/media/playSonglist?p={""song"":[{""type"":""0"",""songmid"":""001tt9i238tTLS""}],""action"":""play""}",https://y.qq.com/n/ryqq/songDetail/001tt9i238tTLS
2018/10/10,1.54E+12,004BJRQj2cwglL,217933301,垃圾话,GAI周延,003MS8RP1GyP9f,4752097,光宗耀祖,225,"qqmusic://qq.com/media/playSonglist?p={""song"":[{""type"":""0"",""songmid"":""004BJRQj2cwglL""}],""action"":""play""}",https://y.qq.com/n/ryqq/songDetail/004BJRQj2cwglL
2018/10/10,1.54E+12,003BdfNQ0pvu75,217933302,红旗车,GAI周延,003MS8RP1GyP9f,4752097,光宗耀祖,186,"qqmusic://qq.com/media/playSonglist?p={""song"":[{""type"":""0"",""songmid"":""003BdfNQ0pvu75""}],""action"":""play""}",https://y.qq.com/n/ryqq/songDetail/003BdfNQ0pvu75
2018/10/10,1.54E+12,004etHJ235cocj,217933304,豁得凶,GAI周延,003MS8RP1GyP9f,4752097,光宗耀祖,203,"qqmusic://qq.com/media/playSonglist?p={""song"":[{""type"":""0"",""songmid"":""004etHJ235cocj""}],""action"":""play""}",https://y.qq.com/n/ryqq/songDetail/004etHJ235cocj
2018/10/10,1.54E+12,004ByrC73IynVn,217933436,万里长城,GAI周延,003MS8RP1GyP9f,4752097,光宗耀祖,228,"qqmusic://qq.com/media/playSonglist?p={""song"":[{""type"":""0"",""songmid"":""004ByrC73IynVn""}],""action"":""play""}",https://y.qq.com/n/ryqq/songDetail/004ByrC73IynVn
2018/10/10,1.54E+12,004fKGMb0lUHRL,217933529,包间,GAI周延,003MS8RP1GyP9f,4752097,光宗耀祖,187,"qqmusic://qq.com/media/playSonglist?p={""song"":[{""type"":""0"",""songmid"":""004fKGMb0lUHRL""}],""action"":""play""}",https://y.qq.com/n/ryqq/songDetail/004fKGMb0lUHRL
2018/10/10,1.5391E+12,003k7hrN3GyWTs,217933299,光宗耀祖,GAI周延,003MS8RP1GyP9f,4752097,光宗耀祖,190,"qqmusic://qq.com/media/playSonglist?p={""song"":[{""type"":""0"",""songmid"":""003k7hrN3GyWTs""}],""action"":""play""}",https://y.qq.com/n/ryqq/songDetail/003k7hrN3GyWTs
2018/10/10,1.5391E+12,0032RIz111FTCp,217933303,我爱王斯然,GAI周延,003MS8RP1GyP9f,4752097,光宗耀祖,215,"qqmusic://qq.com/media/playSonglist?p={""song"":[{""type"":""0"",""songmid"":""0032RIz111FTCp""}],""action"":""play""}",https://y.qq.com/n/ryqq/songDetail/0032RIz111FTCp
2018/10/17,1.54E+12,00272cZK4dYGtt,218228110,垃圾话 (Live),GAI周延,000Ncx3S37S6Lr,4801845,乐人·Live：大GAI如此 周延世界音乐之旅香港站（Live）,213,"qqmusic://qq.com/media/playSonglist?p={""song"":[{""type"":""0"",""songmid"":""00272cZK4dYGtt""}],""action"":""play""}",https://y.qq.com/n/ryqq/songDetail/00272cZK4dYGtt
2018/10/17,1.54E+12,004XThiW2wDLqs,218228111,红旗车 (Live),GAI周延,000Ncx3S37S6Lr,4801845,乐人·Live：大GAI如此 周延世界音乐之旅香港站（Live）,174,"qqmusic://qq.com/media/playSonglist?p={""song"":[{""type"":""0"",""songmid"":""004XThiW2wDLqs""}],""action"":""play""}",https://y.qq.com/n/ryqq/songDetail/004XThiW2wDLqs
2018/10/17,1.54E+12,000dbYla3UoaAA,218228114,圆周率 (Live),GAI周延,000Ncx3S37S6Lr,4801845,乐人·Live：大GAI如此 周延世界音乐之旅香港站（Live）,161,"qqmusic://qq.com/media/playSonglist?p={""song"":[{""type"":""0"",""songmid"":""000dbYla3UoaAA""}],""action"":""play""}",https://y.qq.com/n/ryqq/songDetail/000dbYla3UoaAA
2018/10/17,1.54E+12,0042ogpG4U6gR9,218228118,包间 (Live),GAI周延,000Ncx3S37S6Lr,4801845,乐人·Live：大GAI如此 周延世界音乐之旅香港站（Live）,182,"qqmusic://qq.com/media/playSonglist?p={""song"":[{""type"":""0"",""songmid"":""0042ogpG4U6gR9""}],""action"":""play""}",https://y.qq.com/n/ryqq/songDetail/0042ogpG4U6gR9
2018/10/17,1.54E+12,004ekjO829SV2K,218228120,光宗耀祖 (Live),GAI周延,000Ncx3S37S6Lr,4801845,乐人·Live：大GAI如此 周延世界音乐之旅香港站（Live）,185,"qqmusic://qq.com/media/playSonglist?p={""song"":[{""type"":""0"",""songmid"":""004ekjO829SV2K""}],""action"":""play""}",https://y.qq.com/n/ryqq/songDetail/004ekjO829SV2K
2018/10/17,1.54E+12,001Eh20I2sFw5r,218228123,豁得凶 (Live),GAI周延,000Ncx3S37S6Lr,4801845,乐人·Live：大GAI如此 周延世界音乐之旅香港站（Live）,199,"qqmusic://qq.com/media/playSonglist?p={""song"":[{""type"":""0"",""songmid"":""001Eh20I2sFw5r""}],""action"":""play""}",https://y.qq.com/n/ryqq/songDetail/001Eh20I2sFw5r
2018/10/17,1.54E+12,000fin8g2SILWn,218228138,万里长城 (Live),GAI周延,000Ncx3S37S6Lr,4801845,乐人·Live：大GAI如此 周延世界音乐之旅香港站（Live）,217,"qqmusic://qq.com/media/playSonglist?p={""song"":[{""type"":""0"",""songmid"":""000fin8g2SILWn""}],""action"":""play""}",https://y.qq.com/n/ryqq/songDetail/000fin8g2SILWn
2018/10/17,1.53971E+12,001YEIjv46mddy,218228112,苦行僧 (Live),GAI周延,000Ncx3S37S6Lr,4801845,乐人·Live：大GAI如此 周延世界音乐之旅香港站（Live）,126,"qqmusic://qq.com/media/playSonglist?p={""song"":[{""type"":""0"",""songmid"":""001YEIjv46mddy""}],""action"":""play""}",https://y.qq.com/n/ryqq/songDetail/001YEIjv46mddy
2018/10/17,1.53971E+12,0015EZbg3U8c94,218228113,天干物燥 (Live),GAI周延,000Ncx3S37S6Lr,4801845,乐人·Live：大GAI如此 周延世界音乐之旅香港站（Live）,160,"qqmusic://qq.com/media/playSonglist?p={""song"":[{""type"":""0"",""songmid"":""0015EZbg3U8c94""}],""action"":""play""}",https://y.qq.com/n/ryqq/songDetail/0015EZbg3U8c94
2018/10/17,1.53971E+12,003aEsDe1Qafsl,218228115,爱如潮水 (Live),GAI周延,000Ncx3S37S6Lr,4801845,乐人·Live：大GAI如此 周延世界音乐之旅香港站（Live）,218,"qqmusic://qq.com/media/playSonglist?p={""song"":[{""type"":""0"",""songmid"":""003aEsDe1Qafsl""}],""action"":""play""}",https://y.qq.com/n/ryqq/songDetail/003aEsDe1Qafsl
2018/10/17,1.53971E+12,002umNlE3Pt7xi,218228116,见字如面 (Live),GAI周延,000Ncx3S37S6Lr,4801845,乐人·Live：大GAI如此 周延世界音乐之旅香港站（Live）,198,"qqmusic://qq.com/media/playSonglist?p={""song"":[{""type"":""0"",""songmid"":""002umNlE3Pt7xi""}],""action"":""play""}",https://y.qq.com/n/ryqq/songDetail/002umNlE3Pt7xi
2018/10/17,1.53971E+12,001Ab8v54OEYo8,218228117,重庆魂 (Live),GAI周延,000Ncx3S37S6Lr,4801845,乐人·Live：大GAI如此 周延世界音乐之旅香港站（Live）,161,"qqmusic://qq.com/media/playSonglist?p={""song"":[{""type"":""0"",""songmid"":""001Ab8v54OEYo8""}],""action"":""play""}",https://y.qq.com/n/ryqq/songDetail/001Ab8v54OEYo8
2018/10/17,1.53971E+12,000aoepU0wEoCW,218228119,老大 (Live),GAI周延,000Ncx3S37S6Lr,4801845,乐人·Live：大GAI如此 周延世界音乐之旅香港站（Live）,48,"qqmusic://qq.com/media/playSonglist?p={""song"":[{""type"":""0"",""songmid"":""000aoepU0wEoCW""}],""action"":""play""}",https://y.qq.com/n/ryqq/songDetail/000aoepU0wEoCW
2018/10/17,1.53971E+12,002I4EbZ29yeCl,218228121,空城计 (Live),GAI周延,000Ncx3S37S6Lr,4801845,乐人·Live：大GAI如此 周延世界音乐之旅香港站（Live）,230,"qqmusic://qq.com/media/playSonglist?p={""song"":[{""type"":""0"",""songmid"":""002I4EbZ29yeCl""}],""action"":""play""}",https://y.qq.com/n/ryqq/songDetail/002I4EbZ29yeCl
2018/10/17,1.53971E+12,002NWxkw0nSxlK,218228140,沧海一声笑 (Live),GAI周延,000Ncx3S37S6Lr,4801845,乐人·Live：大GAI如此 周延世界音乐之旅香港站（Live）,241,"qqmusic://qq.com/media/playSonglist?p={""song"":[{""type"":""0"",""songmid"":""002NWxkw0nSxlK""}],""action"":""play""}",https://y.qq.com/n/ryqq/songDetail/002NWxkw0nSxlK
2018/12/12,1.54454E+12,004Jfebs0LYwiQ,224994822,光宗耀祖 (Live),GAI周延,002EnfxG419DWY,5562710,由你音乐榜样 第7期,188,"qqmusic://qq.com/media/playSonglist?p={""song"":[{""type"":""0"",""songmid"":""004Jfebs0LYwiQ""}],""action"":""play""}",https://y.qq.com/n/ryqq/songDetail/004Jfebs0LYwiQ
2019/1/5,1.55E+12,004Zcko906HL1r,226743554,永不独行,GAI周延/艾热AIR,001mScqj1N79Te,5765310,永不独行,171,"qqmusic://qq.com/media/playSonglist?p={""song"":[{""type"":""0"",""songmid"":""004Zcko906HL1r""}],""action"":""play""}",https://y.qq.com/n/ryqq/songDetail/004Zcko906HL1r
2019/1/10,1.54705E+12,00283eMo3HFcQ8,227392788,大人物,GAI周延,000iaA9g12cfqs,5823918,大人物,234,"qqmusic://qq.com/media/playSonglist?p={""song"":[{""type"":""0"",""songmid"":""00283eMo3HFcQ8""}],""action"":""play""}",https://y.qq.com/n/ryqq/songDetail/00283eMo3HFcQ8
2019/1/18,1.55E+12,0035K4Y43mPQA0,227872058,在下霍元甲,GAI周延,001IgKT842qE9g,5869910,在下霍元甲,183,"qqmusic://qq.com/media/playSonglist?p={""song"":[{""type"":""0"",""songmid"":""0035K4Y43mPQA0""}],""action"":""play""}",https://y.qq.com/n/ryqq/songDetail/0035K4Y43mPQA0
2019/4/22,1.55586E+12,001vXU9x30O7px,231596672,华夏,GAI周延,000ENJg21YyERd,6654611,华夏,197,"qqmusic://qq.com/media/playSonglist?p={""song"":[{""type"":""0"",""songmid"":""001vXU9x30O7px""}],""action"":""play""}",https://y.qq.com/n/ryqq/songDetail/001vXU9x30O7px
2019/6/25,1.56E+12,001iLut449jEvs,233675978,混江湖,GAI周延,000HqZvj1OKdv9,7058916,混江湖,195,"qqmusic://qq.com/media/playSonglist?p={""song"":[{""type"":""0"",""songmid"":""001iLut449jEvs""}],""action"":""play""}",https://y.qq.com/n/ryqq/songDetail/001iLut449jEvs
2019/7/4,1.56E+12,002QV8Gd41OK6K,233994248,天龙十二门,GAI周延,0002ETet2xOfhD,7102706,天龙十二门,221,"qqmusic://qq.com/media/playSonglist?p={""song"":[{""type"":""0"",""songmid"":""002QV8Gd41OK6K""}],""action"":""play""}",https://y.qq.com/n/ryqq/songDetail/002QV8Gd41OK6K
2019/7/13,1.56295E+12,002AsrO40MCS5d,234428361,哪吒,GAI周延/大痒痒,000657sU1wUTIM,7163930,哪吒,163,"qqmusic://qq.com/media/playSonglist?p={""song"":[{""type"":""0"",""songmid"":""002AsrO40MCS5d""}],""action"":""play""}",https://y.qq.com/n/ryqq/songDetail/002AsrO40MCS5d
2019/7/26,1.56407E+12,000tyOR048mMVg,234964629,投名状 (The Oath),GAI周延/盛宇D-SHINE/RANZER叶润泽,001uuOXB0fZY0Z,7240769,投名状（The Oath）,289,"qqmusic://qq.com/media/playSonglist?p={""song"":[{""type"":""0"",""songmid"":""000tyOR048mMVg""}],""action"":""play""}",https://y.qq.com/n/ryqq/songDetail/000tyOR048mMVg
2019/7/29,1.56E+12,003qX6MQ3PFgSa,234993153,BIG BRO,GAI周延,000gMkP12JodY1,7246487,BIG BRO,157,"qqmusic://qq.com/media/playSonglist?p={""song"":[{""type"":""0"",""songmid"":""003qX6MQ3PFgSa""}],""action"":""play""}",https://y.qq.com/n/ryqq/songDetail/003qX6MQ3PFgSa
2019/8/22,1.5664E+12,004aktwz3phjK7,236479327,中！国！万！岁 ！,GAI周延,002CXAv83kIUgy,7551607,中！国！万！岁！,186,"qqmusic://qq.com/media/playSonglist?p={""song"":[{""type"":""0"",""songmid"":""004aktwz3phjK7""}],""action"":""play""}",https://y.qq.com/n/ryqq/songDetail/004aktwz3phjK7
2019/12/18,1.5766E+12,002GBpye1R2CF0,247587618,有空一起吃饭 (问候版),新裤子/GAI周延,004ZLJ2M1Xh75F,9662484,有空一起吃饭（问候版）,190,"qqmusic://qq.com/media/playSonglist?p={""song"":[{""type"":""0"",""songmid"":""002GBpye1R2CF0""}],""action"":""play""}",https://y.qq.com/n/ryqq/songDetail/002GBpye1R2CF0
2019/12/19,1.58E+12,000WxV1V3E0Huy,247761401,有空一起吃饭 (纯净版),新裤子/GAI周延,003LMZP90kkgpN,9691562,有空一起吃饭（纯净版）,174,"qqmusic://qq.com/media/playSonglist?p={""song"":[{""type"":""0"",""songmid"":""000WxV1V3E0Huy""}],""action"":""play""}",https://y.qq.com/n/ryqq/songDetail/000WxV1V3E0Huy
2019/12/31,1.57772E+12,002AibyG2BmI3Z,248913991,哪吒 + 华夏 (Live),GAI周延,000FXC0p3Y5eVW,9889041,bilibili晚会 二零一九最美的夜,451,"qqmusic://qq.com/media/playSonglist?p={""song"":[{""type"":""0"",""songmid"":""002AibyG2BmI3Z""}],""action"":""play""}",https://y.qq.com/n/ryqq/songDetail/002AibyG2BmI3Z
2020/3/4,1.58E+12,002PbeD412DFh0,255345051,脏班子GOSH MUSIC CYPHER 2020,GOSH/王嗣尧Turbo/希介/OG Rolly/布瑞吉Bridge/REGI陈彦希/王齐铭WatchMe/雾都L4WUDU/Daddy Eddy艾迪老爹/GAI周延,001u2duX2aRoU9,10835888,脏班子GOSH MUSIC CYPHER 2020,395,"qqmusic://qq.com/media/playSonglist?p={""song"":[{""type"":""0"",""songmid"":""002PbeD412DFh0""}],""action"":""play""}",https://y.qq.com/n/ryqq/songDetail/002PbeD412DFh0
2020/4/1,1.58567E+12,001ZSjVM27Gfem,256724861,乾坤暴躁,潘粤明/GAI周延,002AfDc12xucxG,11121263,乾坤暴躁（《龙岭迷窟》影视剧主题曲）,213,"qqmusic://qq.com/media/playSonglist?p={""song"":[{""type"":""0"",""songmid"":""001ZSjVM27Gfem""}],""action"":""play""}",https://y.qq.com/n/ryqq/songDetail/001ZSjVM27Gfem
2020/4/17,1.58705E+12,0012M4CU3VlyCe,258060114,烈火战马 (Live),GAI周延,003y427B2OxOnM,11351170,烈火战马 (Live),192,"qqmusic://qq.com/media/playSonglist?p={""song"":[{""type"":""0"",""songmid"":""0012M4CU3VlyCe""}],""action"":""play""}",https://y.qq.com/n/ryqq/songDetail/0012M4CU3VlyCe
2020/4/24,1.58766E+12,000Rv4zR0LRedR,259708657,极乐 (Live),GAI周延,0015hPYI3U7pvS,11531108,极乐 (Live),267,"qqmusic://qq.com/media/playSonglist?p={""song"":[{""type"":""0"",""songmid"":""000Rv4zR0LRedR""}],""action"":""play""}",https://y.qq.com/n/ryqq/songDetail/000Rv4zR0LRedR
2020/5/1,1.58826E+12,003p45A40yJUX8,261507750,蒙着眼睛走 (Live),GAI周延,0013c3tV4GoLn9,11767302,蒙着眼睛走 (Live),181,"qqmusic://qq.com/media/playSonglist?p={""song"":[{""type"":""0"",""songmid"":""003p45A40yJUX8""}],""action"":""play""}",https://y.qq.com/n/ryqq/songDetail/003p45A40yJUX8
2020/5/4,1.59E+12,002u4xA63Q0ZhL,261700533,当潮不让,GAI周延,000tvz602DJ2vk,11811407,当潮不让,205,"qqmusic://qq.com/media/playSonglist?p={""song"":[{""type"":""0"",""songmid"":""002u4xA63Q0ZhL""}],""action"":""play""}",https://y.qq.com/n/ryqq/songDetail/002u4xA63Q0ZhL
2020/5/8,1.58887E+12,002LZQd40X5aK7,263292790,兰花草 (Live),GAI周延,004SSVMq4MJZNG,12170419,兰花草 (Live),231,"qqmusic://qq.com/media/playSonglist?p={""song"":[{""type"":""0"",""songmid"":""002LZQd40X5aK7""}],""action"":""play""}",https://y.qq.com/n/ryqq/songDetail/002LZQd40X5aK7
2020/5/15,1.58947E+12,001KXvfq0QJVLd,264564697,别留 (Live),GAI周延,001cyLuf0F7DZY,12377249,别留 (Live),250,"qqmusic://qq.com/media/playSonglist?p={""song"":[{""type"":""0"",""songmid"":""001KXvfq0QJVLd""}],""action"":""play""}",https://y.qq.com/n/ryqq/songDetail/001KXvfq0QJVLd
2020/5/22,1.59008E+12,0011D0jH1oW8HX,265542341,untitled 3.30 (Live),GAI周延,004DW9wG0seyJ1,12479268,untitled 3.30 (Live),170,"qqmusic://qq.com/media/playSonglist?p={""song"":[{""type"":""0"",""songmid"":""0011D0jH1oW8HX""}],""action"":""play""}",https://y.qq.com/n/ryqq/songDetail/0011D0jH1oW8HX
2020/5/29,1.59068E+12,000xHWxU1MIDgN,267338201,没对 (Live),GAI周延,000OyhgY3KEnX9,12720597,没对 (Live),257,"qqmusic://qq.com/media/playSonglist?p={""song"":[{""type"":""0"",""songmid"":""000xHWxU1MIDgN""}],""action"":""play""}",https://y.qq.com/n/ryqq/songDetail/000xHWxU1MIDgN
2020/6/5,1.59129E+12,003PM62v4FyOqS,268102044,莲花 (Live),GAI周延,002NdW7w3NqaZk,12875692,莲花 (Live),236,"qqmusic://qq.com/media/playSonglist?p={""song"":[{""type"":""0"",""songmid"":""003PM62v4FyOqS""}],""action"":""play""}",https://y.qq.com/n/ryqq/songDetail/003PM62v4FyOqS
2020/6/26,1.5931E+12,002RQtWD1EePDj,269758817,这就是生活 (Live),GAI周延,0003qO5u293Z9a,13134056,这就是生活 (Live),232,"qqmusic://qq.com/media/playSonglist?p={""song"":[{""type"":""0"",""songmid"":""002RQtWD1EePDj""}],""action"":""play""}",https://y.qq.com/n/ryqq/songDetail/002RQtWD1EePDj
2020/7/10,1.59E+12,001zOdHc1tKaen,387921801,Untitled 3.30,GAI周延,004GXdqR4dKmJt,33536201,Untitled 3.30,139,"qqmusic://qq.com/media/playSonglist?p={""song"":[{""type"":""0"",""songmid"":""001zOdHc1tKaen""}],""action"":""play""}",https://y.qq.com/n/ryqq/songDetail/001zOdHc1tKaen
2020/7/24,1.59552E+12,002w9RbX4QQR5G,272871220,Open The Night (The Chainsmokers x 乐堡开躁 Official Mix),GAI周延,002n9EHl05CJQX,13835608,Open The Night (The Chainsmokers x 乐堡开躁 Official Mix),194,"qqmusic://qq.com/media/playSonglist?p={""song"":[{""type"":""0"",""songmid"":""002w9RbX4QQR5G""}],""action"":""play""}",https://y.qq.com/n/ryqq/songDetail/002w9RbX4QQR5G
2020/8/9,1.60E+12,0034SHox3XKLII,274299178,一念永恒 (Inst.),GAI周延,000ACFXb3ufmOh,14102600,一念永恒,216,"qqmusic://qq.com/media/playSonglist?p={""song"":[{""type"":""0"",""songmid"":""0034SHox3XKLII""}],""action"":""play""}",https://y.qq.com/n/ryqq/songDetail/0034SHox3XKLII
2020/8/9,1.5969E+12,003wIYwA4e9p4l,274299163,一念永恒,GAI周延,000ACFXb3ufmOh,14102600,一念永恒,216,"qqmusic://qq.com/media/playSonglist?p={""song"":[{""type"":""0"",""songmid"":""003wIYwA4e9p4l""}],""action"":""play""}",https://y.qq.com/n/ryqq/songDetail/003wIYwA4e9p4l
2020/8/13,1.59725E+12,002jD2Q83NmcPJ,274509900,任逍遥,GAI周延,000t5N7W1vVryE,14139538,任逍遥,242,"qqmusic://qq.com/media/playSonglist?p={""song"":[{""type"":""0"",""songmid"":""002jD2Q83NmcPJ""}],""action"":""play""}",https://y.qq.com/n/ryqq/songDetail/002jD2Q83NmcPJ
2020/8/18,1.59768E+12,002PfOT02jp9on,274661819,反伍,GAI周延,004X88sZ1QZoWC,14167129,反伍,199,"qqmusic://qq.com/media/playSonglist?p={""song"":[{""type"":""0"",""songmid"":""002PfOT02jp9on""}],""action"":""play""}",https://y.qq.com/n/ryqq/songDetail/002PfOT02jp9on
2020/9/2,1.60E+12,001ftpNH0PK2nF,334576595,沧海一声笑,GAI周延/刘煜,001cSluy0TvILU,23740767,沧海一声笑,316,"qqmusic://qq.com/media/playSonglist?p={""song"":[{""type"":""0"",""songmid"":""001ftpNH0PK2nF""}],""action"":""play""}",https://y.qq.com/n/ryqq/songDetail/001ftpNH0PK2nF
2020/10/25,1.60356E+12,0003Uiss3O5yg5,281473762,不让我的眼泪陪我过夜 (Live),孙楠/GAI周延,003s1NJk3PrZ84,15185432,中国梦之声·我们的歌第二季 第3期,263,"qqmusic://qq.com/media/playSonglist?p={""song"":[{""type"":""0"",""songmid"":""0003Uiss3O5yg5""}],""action"":""play""}",https://y.qq.com/n/ryqq/songDetail/0003Uiss3O5yg5
2020/10/25,1.60356E+12,002aP5LU0l52rD,281474748,给自己的歌 (Live),GAI周延,003s1NJk3PrZ84,15185432,中国梦之声·我们的歌第二季 第3期,120,"qqmusic://qq.com/media/playSonglist?p={""song"":[{""type"":""0"",""songmid"":""002aP5LU0l52rD""}],""action"":""play""}",https://y.qq.com/n/ryqq/songDetail/002aP5LU0l52rD
2020/11/1,1.60416E+12,0017U3pE4ZdzHU,282621243,没那种命 (Live),陈小春/GAI周延,00397Jhs10CKrJ,15333365,中国梦之声·我们的歌第二季 第4期,259,"qqmusic://qq.com/media/playSonglist?p={""song"":[{""type"":""0"",""songmid"":""0017U3pE4ZdzHU""}],""action"":""play""}",https://y.qq.com/n/ryqq/songDetail/0017U3pE4ZdzHU
2020/11/1,1.60416E+12,003hyXNu4AiKqN,282621245,友情岁月 (Live),陈小春/GAI周延,00397Jhs10CKrJ,15333365,中国梦之声·我们的歌第二季 第4期,280,"qqmusic://qq.com/media/playSonglist?p={""song"":[{""type"":""0"",""songmid"":""003hyXNu4AiKqN""}],""action"":""play""}",https://y.qq.com/n/ryqq/songDetail/003hyXNu4AiKqN
2020/11/29,1.60658E+12,0016YtLV2KRGNx,286704268,侧面 (Live),陈小春/GAI周延,004X8h9B13o3dt,15801316,中国梦之声·我们的歌第二季 第8期,200,"qqmusic://qq.com/media/playSonglist?p={""song"":[{""type"":""0"",""songmid"":""0016YtLV2KRGNx""}],""action"":""play""}",https://y.qq.com/n/ryqq/songDetail/0016YtLV2KRGNx
2020/11/30,1.60667E+12,0002xeJS0Xy636,286224947,凡人歌,GAI周延,004Zw5Xj2TAJuz,15767083,凡人歌,222,"qqmusic://qq.com/media/playSonglist?p={""song"":[{""type"":""0"",""songmid"":""0002xeJS0Xy636""}],""action"":""play""}",https://y.qq.com/n/ryqq/songDetail/0002xeJS0Xy636
2020/12/5,1.61E+12,00400NRp40t3z8,287863340,Let's Go (feat. GAI),VaVa毛衍七/GAI周延,002tdz271KMsOj,15896207,Let's Go (feat. GAI),172,"qqmusic://qq.com/media/playSonglist?p={""song"":[{""type"":""0"",""songmid"":""00400NRp40t3z8""}],""action"":""play""}",https://y.qq.com/n/ryqq/songDetail/00400NRp40t3z8
2020/12/20,1.60839E+12,0029cipi2tWMW5,290795362,神啊 救救我 (Live),陈小春/GAI周延,004VOQeB1EY7oL,16381943,中国梦之声·我们的歌第二季 第11期,325,"qqmusic://qq.com/media/playSonglist?p={""song"":[{""type"":""0"",""songmid"":""0029cipi2tWMW5""}],""action"":""play""}",https://y.qq.com/n/ryqq/songDetail/0029cipi2tWMW5
2020/12/27,1.609E+12,001AGqzU3a3aHj,291397478,万里长城永不倒 (Live),陈小春/GAI周延,001jMudH3aMmc1,16475794,中国梦之声·我们的歌第二季 第12期,311,"qqmusic://qq.com/media/playSonglist?p={""song"":[{""type"":""0"",""songmid"":""001AGqzU3a3aHj""}],""action"":""play""}",https://y.qq.com/n/ryqq/songDetail/001AGqzU3a3aHj
2020/12/28,1.60908E+12,004XBbwO32NmLI,291417347,爱江山更爱美人,GAI周延/VaVa毛衍七/威尔Will.T,003Jgy6w2CIfzl,16493489,爱江山更爱美人,293,"qqmusic://qq.com/media/playSonglist?p={""song"":[{""type"":""0"",""songmid"":""004XBbwO32NmLI""}],""action"":""play""}",https://y.qq.com/n/ryqq/songDetail/004XBbwO32NmLI
2021/1/7,1.60995E+12,00370xbi3qXgmH,292641878,赤子心,GAI周延,000WmX983ss1Pd,16723598,赤子心,201,"qqmusic://qq.com/media/playSonglist?p={""song"":[{""type"":""0"",""songmid"":""00370xbi3qXgmH""}],""action"":""play""}",https://y.qq.com/n/ryqq/songDetail/00370xbi3qXgmH
2021/1/31,1.61202E+12,000tjmKy2KZi8G,295805104,没有人在乎,汪峰/张艺兴/GAI周延,004RuYRP2gBQlT,17238599,没有人在乎,222,"qqmusic://qq.com/media/playSonglist?p={""song"":[{""type"":""0"",""songmid"":""000tjmKy2KZi8G""}],""action"":""play""}",https://y.qq.com/n/ryqq/songDetail/000tjmKy2KZi8G
2021/2/5,1.61245E+12,004gRoq80eHPXO,270922993,Untitled3.30,GAI周延,00151T621ThPul,17406217,烻,170,"qqmusic://qq.com/media/playSonglist?p={""song"":[{""type"":""0"",""songmid"":""004gRoq80eHPXO""}],""action"":""play""}",https://y.qq.com/n/ryqq/songDetail/004gRoq80eHPXO
2021/2/5,1.61245E+12,003rYnaJ4dqMNh,296971835,Untitled3.30,GAI周延,00151T621ThPul,17406217,烻,170,"qqmusic://qq.com/media/playSonglist?p={""song"":[{""type"":""0"",""songmid"":""003rYnaJ4dqMNh""}],""action"":""play""}",https://y.qq.com/n/ryqq/songDetail/003rYnaJ4dqMNh
2021/2/5,1.61245E+12,0011Me8A0JSQrv,296971836,兰花草,GAI周延,00151T621ThPul,17406217,烻,227,"qqmusic://qq.com/media/playSonglist?p={""song"":[{""type"":""0"",""songmid"":""0011Me8A0JSQrv""}],""action"":""play""}",https://y.qq.com/n/ryqq/songDetail/0011Me8A0JSQrv
2021/2/5,1.61245E+12,001aZoAg0ka5Zg,296971837,没对,GAI周延,00151T621ThPul,17406217,烻,254,"qqmusic://qq.com/media/playSonglist?p={""song"":[{""type"":""0"",""songmid"":""001aZoAg0ka5Zg""}],""action"":""play""}",https://y.qq.com/n/ryqq/songDetail/001aZoAg0ka5Zg
2021/2/5,1.61245E+12,000niPGi3vHqe2,296971839,这就是生活,GAI周延,00151T621ThPul,17406217,烻,234,"qqmusic://qq.com/media/playSonglist?p={""song"":[{""type"":""0"",""songmid"":""000niPGi3vHqe2""}],""action"":""play""}",https://y.qq.com/n/ryqq/songDetail/000niPGi3vHqe2
2021/2/5,1.61245E+12,001UitCd1Oy2ZU,296971840,莲花,GAI周延,00151T621ThPul,17406217,烻,238,"qqmusic://qq.com/media/playSonglist?p={""song"":[{""type"":""0"",""songmid"":""001UitCd1Oy2ZU""}],""action"":""play""}",https://y.qq.com/n/ryqq/songDetail/001UitCd1Oy2ZU
2021/2/5,1.61245E+12,001SNVEe3Ebnf1,296971842,蒙着眼睛走,GAI周延,00151T621ThPul,17406217,烻,180,"qqmusic://qq.com/media/playSonglist?p={""song"":[{""type"":""0"",""songmid"":""001SNVEe3Ebnf1""}],""action"":""play""}",https://y.qq.com/n/ryqq/songDetail/001SNVEe3Ebnf1
2021/2/5,1.61245E+12,0044mISc3qAnZM,296971843,别留,GAI周延,00151T621ThPul,17406217,烻,251,"qqmusic://qq.com/media/playSonglist?p={""song"":[{""type"":""0"",""songmid"":""0044mISc3qAnZM""}],""action"":""play""}",https://y.qq.com/n/ryqq/songDetail/0044mISc3qAnZM
2021/2/5,1.61245E+12,002mSfr03oMsHa,296971844,烈火战马,GAI周延,00151T621ThPul,17406217,烻,189,"qqmusic://qq.com/media/playSonglist?p={""song"":[{""type"":""0"",""songmid"":""002mSfr03oMsHa""}],""action"":""play""}",https://y.qq.com/n/ryqq/songDetail/002mSfr03oMsHa
2021/2/5,1.61245E+12,002wkx4G1Ka7jn,296971845,极乐,GAI周延,00151T621ThPul,17406217,烻,267,"qqmusic://qq.com/media/playSonglist?p={""song"":[{""type"":""0"",""songmid"":""002wkx4G1Ka7jn""}],""action"":""play""}",https://y.qq.com/n/ryqq/songDetail/002wkx4G1Ka7jn
2021/2/9,1.6128E+12,0033BR6N4LytGG,297518569,蒙着眼睛走,GAI周延/功夫胖KUNGFU-PEN,003wEEbB21nus1,17490797,蒙着眼睛走,222,"qqmusic://qq.com/media/playSonglist?p={""song"":[{""type"":""0"",""songmid"":""0033BR6N4LytGG""}],""action"":""play""}",https://y.qq.com/n/ryqq/songDetail/0033BR6N4LytGG
2021/2/16,1.61E+12,000JYuCC1lSu9a,295825257,刺,GAI周延,0022wHDG0P60L3,17599663,刺杀小说家 电影原声大碟,165,"qqmusic://qq.com/media/playSonglist?p={""song"":[{""type"":""0"",""songmid"":""000JYuCC1lSu9a""}],""action"":""play""}",https://y.qq.com/n/ryqq/songDetail/000JYuCC1lSu9a
2021/5/2,1.62E+12,000pDXEJ2vpYOy,434982097,烈火战马+凡人歌+三年二班,CYJ/黄旭/TizzyT/GAI周延,00290d9G0Zsso7,41710747,乱Cypher,104,"qqmusic://qq.com/media/playSonglist?p={""song"":[{""type"":""0"",""songmid"":""000pDXEJ2vpYOy""}],""action"":""play""}",https://y.qq.com/n/ryqq/songDetail/000pDXEJ2vpYOy
2021/8/6,1.62818E+12,001rQMX01gh0J7,319572922,蒙着眼睛走 (Live),GAI周延,0008hxsA1C6Djs,21375113,草莓星球来的人 第4期,86,"qqmusic://qq.com/media/playSonglist?p={""song"":[{""type"":""0"",""songmid"":""001rQMX01gh0J7""}],""action"":""play""}",https://y.qq.com/n/ryqq/songDetail/001rQMX01gh0J7
2021/8/13,1.62878E+12,003Sc3sR1ZZ5O3,320261005,差不多先生 + Brother Man + 爱就爱了 + 沧海一声笑 + 哥哥在哪？ (Live),MC HotDog 热狗/欧阳靖/布瑞吉Bridge/GAI周延,00149MW74BOlyL,21522953,披荆斩棘的哥哥 第1期,373,"qqmusic://qq.com/media/playSonglist?p={""song"":[{""type"":""0"",""songmid"":""003Sc3sR1ZZ5O3""}],""action"":""play""}",https://y.qq.com/n/ryqq/songDetail/003Sc3sR1ZZ5O3
2021/8/19,1.6293E+12,003qG8GQ3ltB6b,320576935,Get Together (feat. GAI周延 ) (乐堡开躁 - Official Mix),David Guetta/GAI周延,003RuQ9Q2PqEIQ,21581100,Get Together (feat. GAI周延 ) [乐堡开躁 Mix],183,"qqmusic://qq.com/media/playSonglist?p={""song"":[{""type"":""0"",""songmid"":""003qG8GQ3ltB6b""}],""action"":""play""}",https://y.qq.com/n/ryqq/songDetail/003qG8GQ3ltB6b
2021/8/26,1.62991E+12,004anuKA4D9N1W,321500674,站在高岗上 (Live),布瑞吉Bridge/GAI周延/Ricky,0024kBbU1CnWUr,21761614,披荆斩棘的哥哥 第3期,244,"qqmusic://qq.com/media/playSonglist?p={""song"":[{""type"":""0"",""songmid"":""004anuKA4D9N1W""}],""action"":""play""}",https://y.qq.com/n/ryqq/songDetail/004anuKA4D9N1W
2021/8/28,1.63008E+12,0012N9Wj4eFSG3,319693617,理·想,GAI周延,000RT0HG3N9DUV,21738681,扫黑风暴 电视剧音乐合集,206,"qqmusic://qq.com/media/playSonglist?p={""song"":[{""type"":""0"",""songmid"":""0012N9Wj4eFSG3""}],""action"":""play""}",https://y.qq.com/n/ryqq/songDetail/0012N9Wj4eFSG3
2021/9/9,1.63112E+12,003lKIWa2IBXwL,323176186,往事只能回味 (Live),陈小春/谢天华/张智霖/梁汉文,002nYRYo2iGiIN,22028217,披荆斩棘的哥哥 第5期,270,"qqmusic://qq.com/media/playSonglist?p={""song"":[{""type"":""0"",""songmid"":""003lKIWa2IBXwL""}],""action"":""play""}",https://y.qq.com/n/ryqq/songDetail/003lKIWa2IBXwL
2021/9/9,1.63112E+12,003pBaR64TsAoy,323299726,你要如何我们就如何 (Live),GAI周延/林晓峰/谢天华/布瑞吉Bridge,002nYRYo2iGiIN,22028217,披荆斩棘的哥哥 第5期,275,"qqmusic://qq.com/media/playSonglist?p={""song"":[{""type"":""0"",""songmid"":""003pBaR64TsAoy""}],""action"":""play""}",https://y.qq.com/n/ryqq/songDetail/003pBaR64TsAoy
2021/9/25,1.6325E+12,000ozuIu0nPQsb,326630928,山岚 (Live),GAI周延/等一下就回家,002TpMcT1NUZ58,22376913,少年说唱企划 第九期,194,"qqmusic://qq.com/media/playSonglist?p={""song"":[{""type"":""0"",""songmid"":""000ozuIu0nPQsb""}],""action"":""play""}",https://y.qq.com/n/ryqq/songDetail/000ozuIu0nPQsb
2021/9/30,1.63E+12,001COoZ92l2Psh,337476165,这就是生活 (我是唱作人2第11期 Live),GAI周延,002pwekd2B2Lru,24284955,我是唱作人,232,"qqmusic://qq.com/media/playSonglist?p={""song"":[{""type"":""0"",""songmid"":""001COoZ92l2Psh""}],""action"":""play""}",https://y.qq.com/n/ryqq/songDetail/001COoZ92l2Psh
2021/9/30,1.63E+12,001Dk18j0uyVbT,337476166,莲花 (我是唱作人2第8期 Live),GAI周延,002pwekd2B2Lru,24284955,我是唱作人,236,"qqmusic://qq.com/media/playSonglist?p={""song"":[{""type"":""0"",""songmid"":""001Dk18j0uyVbT""}],""action"":""play""}",https://y.qq.com/n/ryqq/songDetail/001Dk18j0uyVbT
2021/9/30,1.63E+12,002cwyzT2XRsjn,337476167,没对 (Live),GAI周延,002pwekd2B2Lru,24284955,我是唱作人,257,"qqmusic://qq.com/media/playSonglist?p={""song"":[{""type"":""0"",""songmid"":""002cwyzT2XRsjn""}],""action"":""play""}",https://y.qq.com/n/ryqq/songDetail/002cwyzT2XRsjn
2021/9/30,1.63E+12,001TGUJR11OHva,337476168,untitled 3.30 (Live),GAI周延,002pwekd2B2Lru,24284955,我是唱作人,170,"qqmusic://qq.com/media/playSonglist?p={""song"":[{""type"":""0"",""songmid"":""001TGUJR11OHva""}],""action"":""play""}",https://y.qq.com/n/ryqq/songDetail/001TGUJR11OHva
2021/9/30,1.63E+12,001yNlR924TEfT,337476169,别留 (Live),GAI周延,002pwekd2B2Lru,24284955,我是唱作人,250,"qqmusic://qq.com/media/playSonglist?p={""song"":[{""type"":""0"",""songmid"":""001yNlR924TEfT""}],""action"":""play""}",https://y.qq.com/n/ryqq/songDetail/001yNlR924TEfT
2021/9/30,1.63E+12,004TQYFd2GVzbk,337476170,兰花草 (Live),GAI周延,002pwekd2B2Lru,24284955,我是唱作人,231,"qqmusic://qq.com/media/playSonglist?p={""song"":[{""type"":""0"",""songmid"":""004TQYFd2GVzbk""}],""action"":""play""}",https://y.qq.com/n/ryqq/songDetail/004TQYFd2GVzbk
2021/9/30,1.63E+12,004KBO2D1iBr4R,337476171,蒙着眼睛走 (Live),GAI周延,002pwekd2B2Lru,24284955,我是唱作人,181,"qqmusic://qq.com/media/playSonglist?p={""song"":[{""type"":""0"",""songmid"":""004KBO2D1iBr4R""}],""action"":""play""}",https://y.qq.com/n/ryqq/songDetail/004KBO2D1iBr4R
2021/9/30,1.63E+12,003wwPuM1xKOTL,337476172,极乐 (Live),GAI周延,002pwekd2B2Lru,24284955,我是唱作人,267,"qqmusic://qq.com/media/playSonglist?p={""song"":[{""type"":""0"",""songmid"":""003wwPuM1xKOTL""}],""action"":""play""}",https://y.qq.com/n/ryqq/songDetail/003wwPuM1xKOTL
2021/9/30,1.63E+12,000yh6C91X6m5X,337476173,烈火战马 (Live),GAI周延,002pwekd2B2Lru,24284955,我是唱作人,192,"qqmusic://qq.com/media/playSonglist?p={""song"":[{""type"":""0"",""songmid"":""000yh6C91X6m5X""}],""action"":""play""}",https://y.qq.com/n/ryqq/songDetail/000yh6C91X6m5X
2021/10/16,1.63431E+12,003Iexyr3kUg5n,329070273,赤子心 (Live),GAI周延,003Q3bb51OzS4d,22847189,少年说唱企划 第十二期,146,"qqmusic://qq.com/media/playSonglist?p={""song"":[{""type"":""0"",""songmid"":""003Iexyr3kUg5n""}],""action"":""play""}",https://y.qq.com/n/ryqq/songDetail/003Iexyr3kUg5n
2021/10/21,1.63475E+12,0013Dxp54JWwjX,329678557,See you again (Live),白举纲/GAI周延/林志炫/陈辉,002ebSPY47MouQ,22933948,披荆斩棘的哥哥 第11期,317,"qqmusic://qq.com/media/playSonglist?p={""song"":[{""type"":""0"",""songmid"":""0013Dxp54JWwjX""}],""action"":""play""}",https://y.qq.com/n/ryqq/songDetail/0013Dxp54JWwjX
2021/10/29,1.63544E+12,001Xu7dV1RHnCl,331062960,海阔天空 (Live),陈小春/MC HotDog 热狗/GAI周延/林志炫,002ofoC10diMsf,23109632,披荆斩棘的哥哥 第12期,287,"qqmusic://qq.com/media/playSonglist?p={""song"":[{""type"":""0"",""songmid"":""001Xu7dV1RHnCl""}],""action"":""play""}",https://y.qq.com/n/ryqq/songDetail/001Xu7dV1RHnCl
2021/12/10,1.63907E+12,003xzED13g9eYj,336220064,投名状 (Live),GAI周延/凌西/石容山/薛天龙,004bPi0U0nBtAB,24029761,中国潮音 第5期,239,"qqmusic://qq.com/media/playSonglist?p={""song"":[{""type"":""0"",""songmid"":""003xzED13g9eYj""}],""action"":""play""}",https://y.qq.com/n/ryqq/songDetail/003xzED13g9eYj
2021/12/11,1.63915E+12,003EBAvR2brJep,336433787,兰花草 (Live),GAI周延,001SfWPi2wEX1b,24072232,第三届TMEA腾讯音乐娱乐盛典,220,"qqmusic://qq.com/media/playSonglist?p={""song"":[{""type"":""0"",""songmid"":""003EBAvR2brJep""}],""action"":""play""}",https://y.qq.com/n/ryqq/songDetail/003EBAvR2brJep
2021/12/17,1.63967E+12,0044lvkr0F46ur,337010695,兰花草 (Live),GAI周延/中国潮音,004ULXXA0bEKue,24180050,中国潮音 第6期,230,"qqmusic://qq.com/media/playSonglist?p={""song"":[{""type"":""0"",""songmid"":""0044lvkr0F46ur""}],""action"":""play""}",https://y.qq.com/n/ryqq/songDetail/0044lvkr0F46ur
2021/12/31,1.64088E+12,003ZS6r70RFHfM,338185485,华夏 (Live),GAI周延,002cgj6N0Jh3zF,25862728,梦圆东方·2022东方卫视跨年盛典,194,"qqmusic://qq.com/media/playSonglist?p={""song"":[{""type"":""0"",""songmid"":""003ZS6r70RFHfM""}],""action"":""play""}",https://y.qq.com/n/ryqq/songDetail/003ZS6r70RFHfM
2021/12/31,1.64088E+12,004aiptz1SUoBh,338006801,共同梦想,GAI周延/VaVa毛衍七/布瑞吉Bridge/艾热AIR,004PDF9H2dr8pI,24398226,共同梦想,240,"qqmusic://qq.com/media/playSonglist?p={""song"":[{""type"":""0"",""songmid"":""004aiptz1SUoBh""}],""action"":""play""}",https://y.qq.com/n/ryqq/songDetail/004aiptz1SUoBh
2022/1/1,1.64097E+12,002R4yqQ40NGf5,337780068,恭喜恭喜·吉时行乐,GAI周延/VaVa毛衍七,002PIY5O3NGTyS,24355091,恭喜恭喜·吉时行乐,202,"qqmusic://qq.com/media/playSonglist?p={""song"":[{""type"":""0"",""songmid"":""002R4yqQ40NGf5""}],""action"":""play""}",https://y.qq.com/n/ryqq/songDetail/002R4yqQ40NGf5
2022/1/10,1.64174E+12,000HHtcK3MxTtC,338702249,天明,GAI周延,003xBfQP1BOX9K,24574807,天明,184,"qqmusic://qq.com/media/playSonglist?p={""song"":[{""type"":""0"",""songmid"":""000HHtcK3MxTtC""}],""action"":""play""}",https://y.qq.com/n/ryqq/songDetail/000HHtcK3MxTtC
2022/3/7,1.64658E+12,004RhCls4H7Gt7,345614034,篇章,胡彦斌/张韶涵/胡海泉/周深,003801IL2SotNF,25879623,篇章,234,"qqmusic://qq.com/media/playSonglist?p={""song"":[{""type"":""0"",""songmid"":""004RhCls4H7Gt7""}],""action"":""play""}",https://y.qq.com/n/ryqq/songDetail/004RhCls4H7Gt7
2022/3/11,1.64693E+12,003WftUn1UBz7R,346130123,问风 (Live),GAI周延/吉克隽逸,004B3UNm36ZG5v,25983762,天赐的声音第三季 第1期,247,"qqmusic://qq.com/media/playSonglist?p={""song"":[{""type"":""0"",""songmid"":""003WftUn1UBz7R""}],""action"":""play""}",https://y.qq.com/n/ryqq/songDetail/003WftUn1UBz7R
2022/3/19,1.64762E+12,004NpgyK2y4b4U,347409761,秘密 (Live),GAI周延/康姆士乐团,000HQ3Rm3aGYKb,26159544,天赐的声音第三季 第2期,299,"qqmusic://qq.com/media/playSonglist?p={""song"":[{""type"":""0"",""songmid"":""004NpgyK2y4b4U""}],""action"":""play""}",https://y.qq.com/n/ryqq/songDetail/004NpgyK2y4b4U
2022/4/1,1.64874E+12,000hBf9000XCGz,350503491,玫瑰少年 (Live),周深/GAI周延,001oX53W4dFtMR,26552798,天赐的声音第三季 第3期,241,"qqmusic://qq.com/media/playSonglist?p={""song"":[{""type"":""0"",""songmid"":""000hBf9000XCGz""}],""action"":""play""}",https://y.qq.com/n/ryqq/songDetail/000hBf9000XCGz
2022/5/6,1.65E+12,003jm6Nx4IMdYL,354584486,传奇,GAI周延,001y2s2E3Tb63d,27441540,杜康,160,"qqmusic://qq.com/media/playSonglist?p={""song"":[{""type"":""0"",""songmid"":""003jm6Nx4IMdYL""}],""action"":""play""}",https://y.qq.com/n/ryqq/songDetail/003jm6Nx4IMdYL
2022/5/6,1.65E+12,002ljq9A1Mlrus,354584496,Outro如龙,GAI周延,001y2s2E3Tb63d,27441540,杜康,53,"qqmusic://qq.com/media/playSonglist?p={""song"":[{""type"":""0"",""songmid"":""002ljq9A1Mlrus""}],""action"":""play""}",https://y.qq.com/n/ryqq/songDetail/002ljq9A1Mlrus
2022/5/6,1.65E+12,0028K7QZ37BCIj,354584498,Skit踏云,GAI周延,001y2s2E3Tb63d,27441540,杜康,66,"qqmusic://qq.com/media/playSonglist?p={""song"":[{""type"":""0"",""songmid"":""0028K7QZ37BCIj""}],""action"":""play""}",https://y.qq.com/n/ryqq/songDetail/0028K7QZ37BCIj
2022/5/6,1.65E+12,003ZTU682aKZdP,354584500,Intro归巢,GAI周延,001y2s2E3Tb63d,27441540,杜康,74,"qqmusic://qq.com/media/playSonglist?p={""song"":[{""type"":""0"",""songmid"":""003ZTU682aKZdP""}],""action"":""play""}",https://y.qq.com/n/ryqq/songDetail/003ZTU682aKZdP
2022/5/6,1.65E+12,000cRwj63EUFde,354584543,Richard Mille Life,GAI周延/RANZER叶润泽,001y2s2E3Tb63d,27441540,杜康,123,"qqmusic://qq.com/media/playSonglist?p={""song"":[{""type"":""0"",""songmid"":""000cRwj63EUFde""}],""action"":""play""}",https://y.qq.com/n/ryqq/songDetail/000cRwj63EUFde
2022/5/6,1.65E+12,001bLOom4QPmHC,354584544,没败,GAI周延,001y2s2E3Tb63d,27441540,杜康,131,"qqmusic://qq.com/media/playSonglist?p={""song"":[{""type"":""0"",""songmid"":""001bLOom4QPmHC""}],""action"":""play""}",https://y.qq.com/n/ryqq/songDetail/001bLOom4QPmHC
2022/5/6,1.65177E+12,0039AxbV3iNDET,326168590,山岚,GAI周延,001y2s2E3Tb63d,27441540,杜康,194,"qqmusic://qq.com/media/playSonglist?p={""song"":[{""type"":""0"",""songmid"":""0039AxbV3iNDET""}],""action"":""play""}",https://y.qq.com/n/ryqq/songDetail/0039AxbV3iNDET
2022/5/6,1.65177E+12,000DOk491JABSS,342441433,威远故事,GAI周延,001y2s2E3Tb63d,27441540,杜康,269,"qqmusic://qq.com/media/playSonglist?p={""song"":[{""type"":""0"",""songmid"":""000DOk491JABSS""}],""action"":""play""}",https://y.qq.com/n/ryqq/songDetail/000DOk491JABSS
2022/5/6,1.65177E+12,003Chn172mpFc9,354584487,Not Friendly,GAI周延,001y2s2E3Tb63d,27441540,杜康,198,"qqmusic://qq.com/media/playSonglist?p={""song"":[{""type"":""0"",""songmid"":""003Chn172mpFc9""}],""action"":""play""}",https://y.qq.com/n/ryqq/songDetail/003Chn172mpFc9
2022/5/6,1.65177E+12,00468Sx834T0n4,354584559,蓝色极光,GAI周延,001y2s2E3Tb63d,27441540,杜康,189,"qqmusic://qq.com/media/playSonglist?p={""song"":[{""type"":""0"",""songmid"":""00468Sx834T0n4""}],""action"":""play""}",https://y.qq.com/n/ryqq/songDetail/00468Sx834T0n4
2022/5/6,1.65177E+12,001usKMJ4YJdqK,354584560,江湖中人,GAI周延,001y2s2E3Tb63d,27441540,杜康,182,"qqmusic://qq.com/media/playSonglist?p={""song"":[{""type"":""0"",""songmid"":""001usKMJ4YJdqK""}],""action"":""play""}",https://y.qq.com/n/ryqq/songDetail/001usKMJ4YJdqK
2022/5/6,1.65177E+12,003CsWFE0jYRRn,354584563,杜康,GAI周延,001y2s2E3Tb63d,27441540,杜康,212,"qqmusic://qq.com/media/playSonglist?p={""song"":[{""type"":""0"",""songmid"":""003CsWFE0jYRRn""}],""action"":""play""}",https://y.qq.com/n/ryqq/songDetail/003CsWFE0jYRRn
2022/5/6,1.65177E+12,002TZunu08M6H2,354584673,亢龙有悔,GAI周延,001y2s2E3Tb63d,27441540,杜康,279,"qqmusic://qq.com/media/playSonglist?p={""song"":[{""type"":""0"",""songmid"":""002TZunu08M6H2""}],""action"":""play""}",https://y.qq.com/n/ryqq/songDetail/002TZunu08M6H2
2022/6/1,1.65E+12,002ZISjc3vyiOy,358050954,剑拔弩张,谭维维/GAI周延,004DhadD3IXgtN,28035107,剑拔弩张,214,"qqmusic://qq.com/media/playSonglist?p={""song"":[{""type"":""0"",""songmid"":""002ZISjc3vyiOy""}],""action"":""play""}",https://y.qq.com/n/ryqq/songDetail/002ZISjc3vyiOy
2022/6/25,1.65609E+12,002oetO74OYTAc,361003745,别留 (Live),GAI周延/叶琼琳,001JSmxc1g4hRf,28608770,为歌而赞第二季 第11期,273,"qqmusic://qq.com/media/playSonglist?p={""song"":[{""type"":""0"",""songmid"":""002oetO74OYTAc""}],""action"":""play""}",https://y.qq.com/n/ryqq/songDetail/002oetO74OYTAc
2022/6/25,1.65609E+12,003JbKxD4SHEH6,361235024,蒙着眼睛走 + 虎山行 (Live),GAI周延,000XBco81V0igd,28657631,中国说唱巅峰对决 第1期,122,"qqmusic://qq.com/media/playSonglist?p={""song"":[{""type"":""0"",""songmid"":""003JbKxD4SHEH6""}],""action"":""play""}",https://y.qq.com/n/ryqq/songDetail/003JbKxD4SHEH6
2022/6/25,1.65609E+12,001jhIw00tl0P8,361235037,Not Friendly (Live),GAI周延,000XBco81V0igd,28657631,中国说唱巅峰对决 第1期,198,"qqmusic://qq.com/media/playSonglist?p={""song"":[{""type"":""0"",""songmid"":""001jhIw00tl0P8""}],""action"":""play""}",https://y.qq.com/n/ryqq/songDetail/001jhIw00tl0P8
2022/7/16,1.6579E+12,0019TA3n4g8rcq,365477274,凯旋 (Live),GAI周延/功夫胖KUNGFU-PEN,004QAnN80Kcz64,29119339,中国说唱巅峰对决 第4期,239,"qqmusic://qq.com/media/playSonglist?p={""song"":[{""type"":""0"",""songmid"":""0019TA3n4g8rcq""}],""action"":""play""}",https://y.qq.com/n/ryqq/songDetail/0019TA3n4g8rcq
2022/7/23,1.65851E+12,000Zw6GR3TPWR2,368439678,江湖儿女 (Live),GAI周延/功夫胖KUNGFU-PEN/布瑞吉Bridge,001g9njf2KRyHQ,29281511,中国说唱巅峰对决 第5期,232,"qqmusic://qq.com/media/playSonglist?p={""song"":[{""type"":""0"",""songmid"":""000Zw6GR3TPWR2""}],""action"":""play""}",https://y.qq.com/n/ryqq/songDetail/000Zw6GR3TPWR2
2022/7/23,1.65851E+12,0020rR9M1NY9Mh,368439680,untitled3.30 (Live),GAI周延,001g9njf2KRyHQ,29281511,中国说唱巅峰对决 第5期,170,"qqmusic://qq.com/media/playSonglist?p={""song"":[{""type"":""0"",""songmid"":""0020rR9M1NY9Mh""}],""action"":""play""}",https://y.qq.com/n/ryqq/songDetail/0020rR9M1NY9Mh
2022/8/20,1.66092E+12,003GAc1c3N5z1b,372138521,朝天门 (Live),GAI周延,002R64QC3sBHNG,29976537,中国说唱巅峰对决 第9期,232,"qqmusic://qq.com/media/playSonglist?p={""song"":[{""type"":""0"",""songmid"":""003GAc1c3N5z1b""}],""action"":""play""}",https://y.qq.com/n/ryqq/songDetail/003GAc1c3N5z1b
2022/8/20,1.66092E+12,000cCpR62IlM3A,372138530,飞跃经济舱 (Live),GAI周延/功夫胖KUNGFU-PEN/布瑞吉Bridge,002R64QC3sBHNG,29976537,中国说唱巅峰对决 第9期,213,"qqmusic://qq.com/media/playSonglist?p={""song"":[{""type"":""0"",""songmid"":""000cCpR62IlM3A""}],""action"":""play""}",https://y.qq.com/n/ryqq/songDetail/000cCpR62IlM3A
2022/8/27,1.66153E+12,0031wJRl23jKuW,372946244,威远故事 (Live),GAI周延,0029WdB02K14Xy,30135118,中国说唱巅峰对决 第10期,272,"qqmusic://qq.com/media/playSonglist?p={""song"":[{""type"":""0"",""songmid"":""0031wJRl23jKuW""}],""action"":""play""}",https://y.qq.com/n/ryqq/songDetail/0031wJRl23jKuW
2022/8/27,1.66153E+12,002Sm3tg1j8rpI,372962368,重庆得行,布瑞吉Bridge/GAI周延/王鹤棣/张颜齐,004G7NvF1wxziE,30137929,重庆得行,168,"qqmusic://qq.com/media/playSonglist?p={""song"":[{""type"":""0"",""songmid"":""002Sm3tg1j8rpI""}],""action"":""play""}",https://y.qq.com/n/ryqq/songDetail/002Sm3tg1j8rpI
2022/9/3,1.66213E+12,004CYrmr0qrMXr,373924625,江湖流 (Live),功夫胖KUNGFU-PEN/KEY.L刘聪/盛宇D-SHINE/GAI周延,001TnaBT23T7GK,30320685,中国说唱巅峰对决 第11期,354,"qqmusic://qq.com/media/playSonglist?p={""song"":[{""type"":""0"",""songmid"":""004CYrmr0qrMXr""}],""action"":""play""}",https://y.qq.com/n/ryqq/songDetail/004CYrmr0qrMXr
2022/9/10,1.66274E+12,004SchH4126HtH,374801214,山岚Flow杜康韵 (Live),GAI周延,0039APC22srO2t,30490751,中国说唱巅峰对决 总决赛 (上集),279,"qqmusic://qq.com/media/playSonglist?p={""song"":[{""type"":""0"",""songmid"":""004SchH4126HtH""}],""action"":""play""}",https://y.qq.com/n/ryqq/songDetail/004SchH4126HtH
2022/9/10,1.66274E+12,003L42l60ya3t3,374801215,亢龙有悔 (Live),GAI周延/张艺兴,0039APC22srO2t,30490751,中国说唱巅峰对决 总决赛 (上集),280,"qqmusic://qq.com/media/playSonglist?p={""song"":[{""type"":""0"",""songmid"":""003L42l60ya3t3""}],""action"":""play""}",https://y.qq.com/n/ryqq/songDetail/003L42l60ya3t3
2022/9/11,1.66283E+12,000bT9Vz287MZg,374907829,三滴血 (Live),GAI周延/功夫胖KUNGFU-PEN/布瑞吉Bridge,002grXcV2WHMsT,30509775,中国说唱巅峰对决 总决赛 (下集),274,"qqmusic://qq.com/media/playSonglist?p={""song"":[{""type"":""0"",""songmid"":""000bT9Vz287MZg""}],""action"":""play""}",https://y.qq.com/n/ryqq/songDetail/000bT9Vz287MZg
2022/11/14,1.67E+12,001NETBO2iMs3j,383603966,嘿 做个人吧,胡海泉/GAI周延,001Om6Zu2VBWC6,32402554,嘿 做个人吧,178,"qqmusic://qq.com/media/playSonglist?p={""song"":[{""type"":""0"",""songmid"":""001NETBO2iMs3j""}],""action"":""play""}",https://y.qq.com/n/ryqq/songDetail/001NETBO2iMs3j
2023/1/22,1.67E+12,004U6HZp1eTQuI,392087377,心愿清单,GAI周延,000udp6R1aW8gH,34474745,心愿清单,244,"qqmusic://qq.com/media/playSonglist?p={""song"":[{""type"":""0"",""songmid"":""004U6HZp1eTQuI""}],""action"":""play""}",https://y.qq.com/n/ryqq/songDetail/004U6HZp1eTQuI
2023/1/23,1.67E+12,000C7fp50DnK1U,392717890,中国梦·我的梦,廖昌永/谭维维/阿云嘎/单依纯/毛晓彤/娜扎/乔欣/张淇/刘惜君/王霏霏/李响/李斯丹妮/高瀚宇/周柏豪/张艺兴/周笔畅/吴克群/张远/陆虎/王栎鑫/王心凌/周深/陈小春/林峯/赵丽颖/龚俊/张云龙/白宇/李光洁/宋轶/Ghost (王琳凯)/INTO1/汪苏泷/希林娜依高/GAI周延/Jeffrey董又霖/艾热AIR/宝石Gem/金志文/梦然/屠洪刚/易言/郑闯/袁娅维TIA RAY/王鹤棣/凤凰传奇/虞书欣/华晨宇/吴磊/杜德伟/许靖韵/汪东城/陈妍希/赵今麦/叶麒圣/蒋倩如/赵超凡/任贤齐/杨丞琳,004FPNCa1VVGdN,34631345,中国梦·我的梦,362,"qqmusic://qq.com/media/playSonglist?p={""song"":[{""type"":""0"",""songmid"":""000C7fp50DnK1U""}],""action"":""play""}",https://y.qq.com/n/ryqq/songDetail/000C7fp50DnK1U
2023/2/6,1.67561E+12,0042n7zi0n3p0z,394060996,朝天门,GAI周延,001hnup93For2i,34948811,朝天门,232,"qqmusic://qq.com/media/playSonglist?p={""song"":[{""type"":""0"",""songmid"":""0042n7zi0n3p0z""}],""action"":""play""}",https://y.qq.com/n/ryqq/songDetail/0042n7zi0n3p0z
2023/4/14,1.68E+12,002AWzWn0A8AhT,404179162,猎手,GAI周延,001mZIpb3gtdnD,37166675,尘封十三载 影视原声带,195,"qqmusic://qq.com/media/playSonglist?p={""song"":[{""type"":""0"",""songmid"":""002AWzWn0A8AhT""}],""action"":""play""}",https://y.qq.com/n/ryqq/songDetail/002AWzWn0A8AhT
2023/4/28,1.68E+12,000aCE6p1APAeD,408462452,冲动的惩罚2023,GAI周延/功夫胖KUNGFU-PEN/RANZER叶润泽,002TtpsW2rbtrb,37576874,如意,149,"qqmusic://qq.com/media/playSonglist?p={""song"":[{""type"":""0"",""songmid"":""000aCE6p1APAeD""}],""action"":""play""}",https://y.qq.com/n/ryqq/songDetail/000aCE6p1APAeD
2023/4/28,1.68261E+12,002LWF8p2QkWyE,408626984,想太多 (Live),张靓颖/GAI周延,002KWowB2rGXEg,37605471,天赐的声音第四季 第1期,264,"qqmusic://qq.com/media/playSonglist?p={""song"":[{""type"":""0"",""songmid"":""002LWF8p2QkWyE""}],""action"":""play""}",https://y.qq.com/n/ryqq/songDetail/002LWF8p2QkWyE
2023/4/28,1.68261E+12,001u0vKa3T2lfS,408462453,钢铁丛林,GAI周延,002TtpsW2rbtrb,37576874,如意,108,"qqmusic://qq.com/media/playSonglist?p={""song"":[{""type"":""0"",""songmid"":""001u0vKa3T2lfS""}],""action"":""play""}",https://y.qq.com/n/ryqq/songDetail/001u0vKa3T2lfS
2023/4/28,1.68261E+12,000rudBQ0Nso7m,408462454,如意,GAI周延,002TtpsW2rbtrb,37576874,如意,224,"qqmusic://qq.com/media/playSonglist?p={""song"":[{""type"":""0"",""songmid"":""000rudBQ0Nso7m""}],""action"":""play""}",https://y.qq.com/n/ryqq/songDetail/000rudBQ0Nso7m
2023/4/28,1.68261E+12,0018wZ4U0dEUXA,408462456,三滴血,GAI周延/功夫胖KUNGFU-PEN/布瑞吉Bridge,002TtpsW2rbtrb,37576874,如意,275,"qqmusic://qq.com/media/playSonglist?p={""song"":[{""type"":""0"",""songmid"":""0018wZ4U0dEUXA""}],""action"":""play""}",https://y.qq.com/n/ryqq/songDetail/0018wZ4U0dEUXA
2023/5/5,1.68322E+12,004HphNO3BbdiZ,410673901,人生何处不相逢 (Live),GAI周延/伯远,004SOksw3318mJ,37825778,天赐的声音第四季 第2期,225,"qqmusic://qq.com/media/playSonglist?p={""song"":[{""type"":""0"",""songmid"":""004HphNO3BbdiZ""}],""action"":""play""}",https://y.qq.com/n/ryqq/songDetail/004HphNO3BbdiZ
2023/5/6,1.6833E+12,002LAjeI2IchWy,410721507,如意 (Live),GAI周延,0015xTNB2eiWpC,37833541,中国说唱巅峰对决2023 第1期,227,"qqmusic://qq.com/media/playSonglist?p={""song"":[{""type"":""0"",""songmid"":""002LAjeI2IchWy""}],""action"":""play""}",https://y.qq.com/n/ryqq/songDetail/002LAjeI2IchWy
2023/5/12,1.68382E+12,0027T7QY0g1YHC,411641459,爱江山更爱美人 (Live),汪苏泷/GAI周延,000MnAzZ42tag9,38028406,天赐的声音第四季 第3期,257,"qqmusic://qq.com/media/playSonglist?p={""song"":[{""type"":""0"",""songmid"":""0027T7QY0g1YHC""}],""action"":""play""}",https://y.qq.com/n/ryqq/songDetail/0027T7QY0g1YHC
2023/5/19,1.68443E+12,004OZ7gQ1BtREL,412541649,三国恋 (Live),GAI周延/刘柏辛Lexie,003Wf10j3U2hEG,38238406,天赐的声音第四季 第4期,237,"qqmusic://qq.com/media/playSonglist?p={""song"":[{""type"":""0"",""songmid"":""004OZ7gQ1BtREL""}],""action"":""play""}",https://y.qq.com/n/ryqq/songDetail/004OZ7gQ1BtREL
2023/5/26,1.68503E+12,001HO1AP3daba6,413400158,来自世界的晚安 (Live),张碧晨/GAI周延,0042SB942aKEX2,38442131,天赐的声音第四季 第5期,305,"qqmusic://qq.com/media/playSonglist?p={""song"":[{""type"":""0"",""songmid"":""001HO1AP3daba6""}],""action"":""play""}",https://y.qq.com/n/ryqq/songDetail/001HO1AP3daba6
2023/5/31,1.68546E+12,000Ju9Mm3UhXjX,413706025,比肩而战,GAI周延,002q8u6s0wuug3,38510824,比肩而战,186,"qqmusic://qq.com/media/playSonglist?p={""song"":[{""type"":""0"",""songmid"":""000Ju9Mm3UhXjX""}],""action"":""play""}",https://y.qq.com/n/ryqq/songDetail/000Ju9Mm3UhXjX
2023/6/9,1.68624E+12,003Z0Tti31EyNg,415251136,一念之间 (Live),GAI周延/王赫野,003PDDFI0QGlg8,38842905,天赐的声音第四季 第7期,254,"qqmusic://qq.com/media/playSonglist?p={""song"":[{""type"":""0"",""songmid"":""003Z0Tti31EyNg""}],""action"":""play""}",https://y.qq.com/n/ryqq/songDetail/003Z0Tti31EyNg
2023/6/10,1.68633E+12,001DJqQj1iL66y,415378175,钢铁丛林 (Live),GAI周延/杨和苏KeyNG,001nPCXm39TPu2,38873587,中国说唱巅峰对决2023 第6期,245,"qqmusic://qq.com/media/playSonglist?p={""song"":[{""type"":""0"",""songmid"":""001DJqQj1iL66y""}],""action"":""play""}",https://y.qq.com/n/ryqq/songDetail/001DJqQj1iL66y
2023/6/16,1.68684E+12,003soaJ10Dimxy,416388982,狼 (Live),GAI周延/希林娜依高,000owNkJ0aaSxQ,39063945,天赐的声音第四季 第8期,302,"qqmusic://qq.com/media/playSonglist?p={""song"":[{""type"":""0"",""songmid"":""003soaJ10Dimxy""}],""action"":""play""}",https://y.qq.com/n/ryqq/songDetail/003soaJ10Dimxy
2023/6/23,1.68745E+12,0019G5yh3DxnGW,417567138,麒麟 x 沧海一声笑 (Remix|Live),GAI周延/早安,000y8saS1mffBo,39261516,天赐的声音第四季 第9期,236,"qqmusic://qq.com/media/playSonglist?p={""song"":[{""type"":""0"",""songmid"":""0019G5yh3DxnGW""}],""action"":""play""}",https://y.qq.com/n/ryqq/songDetail/0019G5yh3DxnGW
2023/7/7,1.68866E+12,003x5VGI4TsH7j,420553301,用情 (Live),GAI周延/戴佩妮,0010cqEK2Ebn2R,39665243,天赐的声音第四季 第11期,315,"qqmusic://qq.com/media/playSonglist?p={""song"":[{""type"":""0"",""songmid"":""003x5VGI4TsH7j""}],""action"":""play""}",https://y.qq.com/n/ryqq/songDetail/003x5VGI4TsH7j
2023/7/8,1.68875E+12,002MGADM0risMy,420607642,生如野草,GAI周延,000mdKTv4LaWPv,39671013,生如野草,232,"qqmusic://qq.com/media/playSonglist?p={""song"":[{""type"":""0"",""songmid"":""002MGADM0risMy""}],""action"":""play""}",https://y.qq.com/n/ryqq/songDetail/002MGADM0risMy
2023/7/14,1.68926E+12,003SzMWJ497y0n,422014879,牧马城市 (Live),胡彦斌/GAI周延,004ADYFG0SQj3f,39881664,天赐的声音第四季 第12期,375,"qqmusic://qq.com/media/playSonglist?p={""song"":[{""type"":""0"",""songmid"":""003SzMWJ497y0n""}],""action"":""play""}",https://y.qq.com/n/ryqq/songDetail/003SzMWJ497y0n
2023/8/18,1.69229E+12,0042xZRO4X4mTA,428704114,敬自己不为谁,胡彦斌/GAI周延,000NE9uD1qoE5f,40854027,是一场烟火,237,"qqmusic://qq.com/media/playSonglist?p={""song"":[{""type"":""0"",""songmid"":""0042xZRO4X4mTA""}],""action"":""play""}",https://y.qq.com/n/ryqq/songDetail/0042xZRO4X4mTA
2023/11/4,1.70E+12,003TGzzR3jvgRX,447509153,至高使命,GAI周延,002jJjEt0sqbiq,43486351,至高使命,190,"qqmusic://qq.com/media/playSonglist?p={""song"":[{""type"":""0"",""songmid"":""003TGzzR3jvgRX""}],""action"":""play""}",https://y.qq.com/n/ryqq/songDetail/003TGzzR3jvgRX
2024/2/26,1.71E+12,003BgJwB4Zuwi3,437765737,逆魂,GAI周延,0028awRn2jXAHS,47134848,仙逆 动画原声带,219,"qqmusic://qq.com/media/playSonglist?p={""song"":[{""type"":""0"",""songmid"":""003BgJwB4Zuwi3""}],""action"":""play""}",https://y.qq.com/n/ryqq/songDetail/003BgJwB4Zuwi3
2024/2/28,1.71E+12,004dqt6v3pOiJ1,473129793,PHUKET FREESTYLE,布瑞吉Bridge/GAI周延/早安/VaVa毛衍七/艾热AIR,001YKqrf40OiHT,47280396,PHUKET FREESTYLE,271,"qqmusic://qq.com/media/playSonglist?p={""song"":[{""type"":""0"",""songmid"":""004dqt6v3pOiJ1""}],""action"":""play""}",https://y.qq.com/n/ryqq/songDetail/004dqt6v3pOiJ1
2024/4/18,1.71E+12,000fdfrn3Ywp7E,482296052,丰碑,GAI周延/威尔Will.T,004BapRx0lFUmF,49415818,底层逻辑,222,"qqmusic://qq.com/media/playSonglist?p={""song"":[{""type"":""0"",""songmid"":""000fdfrn3Ywp7E""}],""action"":""play""}",https://y.qq.com/n/ryqq/songDetail/000fdfrn3Ywp7E
2024/4/18,1.71E+12,001cpOqA15U5x9,484287015,Intro,GAI周延,004BapRx0lFUmF,49415818,底层逻辑,39,"qqmusic://qq.com/media/playSonglist?p={""song"":[{""type"":""0"",""songmid"":""001cpOqA15U5x9""}],""action"":""play""}",https://y.qq.com/n/ryqq/songDetail/001cpOqA15U5x9
2024/4/18,1.71337E+12,003GI6nP3BDRCS,468773528,龍,GAI周延/雾都L4WUDU,004BapRx0lFUmF,49415818,底层逻辑,185,"qqmusic://qq.com/media/playSonglist?p={""song"":[{""type"":""0"",""songmid"":""003GI6nP3BDRCS""}],""action"":""play""}",https://y.qq.com/n/ryqq/songDetail/003GI6nP3BDRCS
2024/4/18,1.71337E+12,00165ZML0mWTKC,469006877,招财进宝,GAI周延,004BapRx0lFUmF,49415818,底层逻辑,209,"qqmusic://qq.com/media/playSonglist?p={""song"":[{""type"":""0"",""songmid"":""00165ZML0mWTKC""}],""action"":""play""}",https://y.qq.com/n/ryqq/songDetail/00165ZML0mWTKC
2024/4/18,1.71337E+12,004Px3E13dLzBc,478494412,街上的,GAI周延/布瑞吉Bridge,004BapRx0lFUmF,49415818,底层逻辑,204,"qqmusic://qq.com/media/playSonglist?p={""song"":[{""type"":""0"",""songmid"":""004Px3E13dLzBc""}],""action"":""play""}",https://y.qq.com/n/ryqq/songDetail/004Px3E13dLzBc
2024/4/18,1.71337E+12,001Nvt3X0pW4sS,480469432,Rich的安静,GAI周延,004BapRx0lFUmF,49415818,底层逻辑,174,"qqmusic://qq.com/media/playSonglist?p={""song"":[{""type"":""0"",""songmid"":""001Nvt3X0pW4sS""}],""action"":""play""}",https://y.qq.com/n/ryqq/songDetail/001Nvt3X0pW4sS
2024/4/18,1.71337E+12,002j35Ul0GOEoZ,484287138,Outro混蛋,GAI周延,004BapRx0lFUmF,49415818,底层逻辑,130,"qqmusic://qq.com/media/playSonglist?p={""song"":[{""type"":""0"",""songmid"":""002j35Ul0GOEoZ""}],""action"":""play""}",https://y.qq.com/n/ryqq/songDetail/002j35Ul0GOEoZ
2024/4/18,1.71337E+12,001lWvdo2CfToJ,484287201,温酒斩华雄,GAI周延/功夫胖KUNGFU-PEN,004BapRx0lFUmF,49415818,底层逻辑,188,"qqmusic://qq.com/media/playSonglist?p={""song"":[{""type"":""0"",""songmid"":""001lWvdo2CfToJ""}],""action"":""play""}",https://y.qq.com/n/ryqq/songDetail/001lWvdo2CfToJ
2024/4/18,1.71337E+12,003xiEtQ0qJlp7,484287241,茉莉,GAI周延,004BapRx0lFUmF,49415818,底层逻辑,216,"qqmusic://qq.com/media/playSonglist?p={""song"":[{""type"":""0"",""songmid"":""003xiEtQ0qJlp7""}],""action"":""play""}",https://y.qq.com/n/ryqq/songDetail/003xiEtQ0qJlp7
2024/4/18,1.71337E+12,0020cH0014s1lG,484287251,街坊邻居,GAI周延,004BapRx0lFUmF,49415818,底层逻辑,205,"qqmusic://qq.com/media/playSonglist?p={""song"":[{""type"":""0"",""songmid"":""0020cH0014s1lG""}],""action"":""play""}",https://y.qq.com/n/ryqq/songDetail/0020cH0014s1lG
2024/4/18,1.71337E+12,000NiTou3GIkuO,484287313,盖哥调,GAI周延,004BapRx0lFUmF,49415818,底层逻辑,244,"qqmusic://qq.com/media/playSonglist?p={""song"":[{""type"":""0"",""songmid"":""000NiTou3GIkuO""}],""action"":""play""}",https://y.qq.com/n/ryqq/songDetail/000NiTou3GIkuO
2024/4/19,1.71E+12,003gReZf1myAGu,484555362,ONE,GAI周延,0002GJO74dSPHF,49476750,ONE,181,"qqmusic://qq.com/media/playSonglist?p={""song"":[{""type"":""0"",""songmid"":""003gReZf1myAGu""}],""action"":""play""}",https://y.qq.com/n/ryqq/songDetail/003gReZf1myAGu
2024/5/4,1.71E+12,001MQtr12nWmzb,486772258,成名作CYPHER,GAI周延/龟一/小咪Misir/skyslimsKyoA/Cloud9/王勇Gaver/Young7rouble/will逊/火人,003mrSiY36mDT3,49917875,成名作CYPHER,361,"qqmusic://qq.com/media/playSonglist?p={""song"":[{""type"":""0"",""songmid"":""001MQtr12nWmzb""}],""action"":""play""}",https://y.qq.com/n/ryqq/songDetail/001MQtr12nWmzb
2024/5/15,1.72E+12,0011MSRk0TD0KA,489882582,将进酒,功夫胖KungFuPen/GAI周延/FAC-D12,004PS5ZV1WuCi9,50577948,将进酒,204,"qqmusic://qq.com/media/playSonglist?p={""song"":[{""type"":""0"",""songmid"":""0011MSRk0TD0KA""}],""action"":""play""}",https://y.qq.com/n/ryqq/songDetail/0011MSRk0TD0KA
2024/6/13,1.72E+12,003HLww51XAIBT,494980964,龙Loong (Live),GAI周延/布瑞吉Bridge/VaVa毛衍七/盛宇D-SHINE/欧阳靖/Ghost (王琳凯)/早安/艾热AIR,00237nSG1Jafw8,51805286,说唱梦工厂 第4期,343,"qqmusic://qq.com/media/playSonglist?p={""song"":[{""type"":""0"",""songmid"":""003HLww51XAIBT""}],""action"":""play""}",https://y.qq.com/n/ryqq/songDetail/003HLww51XAIBT
2024/6/14,1.72E+12,004XUpeV4YMm1v,495253785,老板,布瑞吉Bridge/GAI周延/早安,001p5VmN2YGq83,51886597,老板,237,"qqmusic://qq.com/media/playSonglist?p={""song"":[{""type"":""0"",""songmid"":""004XUpeV4YMm1v""}],""action"":""play""}",https://y.qq.com/n/ryqq/songDetail/004XUpeV4YMm1v
2024/6/21,1.7189E+12,000IbRpF1VQRgn,496359255,诺言 (Live),GAI周延/陈冰,004WdV1C4gFkBO,52185824,天赐的声音第五季 第9期,297,"qqmusic://qq.com/media/playSonglist?p={""song"":[{""type"":""0"",""songmid"":""000IbRpF1VQRgn""}],""action"":""play""}",https://y.qq.com/n/ryqq/songDetail/000IbRpF1VQRgn
2024/7/11,1.72E+12,001FEB6I3rNDd8,499428994,飘絮 (美丽的神话) (Live),GAI周延/加木,002OOVeC1dpERd,52956226,说唱梦工厂 第8期,234,"qqmusic://qq.com/media/playSonglist?p={""song"":[{""type"":""0"",""songmid"":""001FEB6I3rNDd8""}],""action"":""play""}",https://y.qq.com/n/ryqq/songDetail/001FEB6I3rNDd8
2024/8/2,1.72E+12,00187Iv23uCXsT,505893723,莱,GAI周延,002T9Owm1sHTeE,53892367,莱,207,"qqmusic://qq.com/media/playSonglist?p={""song"":[{""type"":""0"",""songmid"":""00187Iv23uCXsT""}],""action"":""play""}",https://y.qq.com/n/ryqq/songDetail/00187Iv23uCXsT
2024/9/3,1.73E+12,001JbC3R2VBMgt,512476224,一半一半,GAI周延,001Ygx6A1UA7Hw,55136627,一半一半,232,"qqmusic://qq.com/media/playSonglist?p={""song"":[{""type"":""0"",""songmid"":""001JbC3R2VBMgt""}],""action"":""play""}",https://y.qq.com/n/ryqq/songDetail/001JbC3R2VBMgt
2024/9/22,1.73E+12,002sqxiP2VoIwp,517175926,我的兄弟,GAI周延/王齐铭WatchMe,004ca2lL1SkkPZ,55987821,我的兄弟,214,"qqmusic://qq.com/media/playSonglist?p={""song"":[{""type"":""0"",""songmid"":""002sqxiP2VoIwp""}],""action"":""play""}",https://y.qq.com/n/ryqq/songDetail/002sqxiP2VoIwp
2024/12/26,1.74E+12,0012BOtC1NcbOy,552371362,我本俗人,GAI周延,001zlV8W0yMwTM,60192798,我本俗人,220,"qqmusic://qq.com/media/playSonglist?p={""song"":[{""type"":""0"",""songmid"":""0012BOtC1NcbOy""}],""action"":""play""}",https://y.qq.com/n/ryqq/songDetail/0012BOtC1NcbOy
2025/4/21,1.74516E+12,004Oi6rW1513A2,559352222,故湘，风,RANZER叶润泽/功夫胖KUNGFU-PEN/盛宇D-SHINE/GAI周延,0048EgfK3oGOMx,66207830,湖湘浪子,281,"qqmusic://qq.com/media/playSonglist?p={""song"":[{""type"":""0"",""songmid"":""004Oi6rW1513A2""}],""action"":""play""}",https://y.qq.com/n/ryqq/songDetail/004Oi6rW1513A2
2025/4/21,1.74516E+12,003pX2QB1YuOXp,574497393,酒歌,RANZER叶润泽/GAI周延,0048EgfK3oGOMx,66207830,湖湘浪子,191,"qqmusic://qq.com/media/playSonglist?p={""song"":[{""type"":""0"",""songmid"":""003pX2QB1YuOXp""}],""action"":""play""}",https://y.qq.com/n/ryqq/songDetail/003pX2QB1YuOXp
2025/5/17,1.74741E+12,003Xr40Q04qOUI,579124166,炁 (Live),GAI周延,0026g0mv4YpXXS,67637817,歌手2025 第1期,219,"qqmusic://qq.com/media/playSonglist?p={""song"":[{""type"":""0"",""songmid"":""003Xr40Q04qOUI""}],""action"":""play""}",https://y.qq.com/n/ryqq/songDetail/003Xr40Q04qOUI
2025/5/17,1.75E+12,004BgupG2zs7iu,579286919,炁,GAI周延,002HuVWa29fAIq,67683028,炁,216,"qqmusic://qq.com/media/playSonglist?p={""song"":[{""type"":""0"",""songmid"":""004BgupG2zs7iu""}],""action"":""play""}",https://y.qq.com/n/ryqq/songDetail/004BgupG2zs7iu
2025/5/31,1.74862E+12,000qyiJu3q95WK,581536834,北京北京 (Live),GAI周延,002nKT7y3hmcea,68349794,歌手2025 第3期,344,"qqmusic://qq.com/media/playSonglist?p={""song"":[{""type"":""0"",""songmid"":""000qyiJu3q95WK""}],""action"":""play""}",https://y.qq.com/n/ryqq/songDetail/000qyiJu3q95WK
2025/6/8,1.75E+12,003M70nV0N8Bjs,582719403,浮萍,GAI周延/功夫胖KUNGFU-PEN/盛宇D-SHINE,001qocFr1gpWDC,68688449,G-BLOCK Mixtape,256,"qqmusic://qq.com/media/playSonglist?p={""song"":[{""type"":""0"",""songmid"":""003M70nV0N8Bjs""}],""action"":""play""}",https://y.qq.com/n/ryqq/songDetail/003M70nV0N8Bjs
2025/6/8,1.75E+12,000dT9KJ1KfSvF,582719570,三个字,功夫胖KUNGFU-PEN/盛宇D-SHINE/GAI周延,001qocFr1gpWDC,68688449,G-BLOCK Mixtape,168,"qqmusic://qq.com/media/playSonglist?p={""song"":[{""type"":""0"",""songmid"":""000dT9KJ1KfSvF""}],""action"":""play""}",https://y.qq.com/n/ryqq/songDetail/000dT9KJ1KfSvF
2025/6/8,1.75E+12,003BU7YS3mW3tA,582719578,一夜,KEY.L刘聪/GAI周延,001qocFr1gpWDC,68688449,G-BLOCK Mixtape,204,"qqmusic://qq.com/media/playSonglist?p={""song"":[{""type"":""0"",""songmid"":""003BU7YS3mW3tA""}],""action"":""play""}",https://y.qq.com/n/ryqq/songDetail/003BU7YS3mW3tA
2025/6/8,1.75E+12,004DzWnG3Paq5c,582719640,吊二两,功夫胖KUNGFU-PEN/GAI周延/KEY.L刘聪,001qocFr1gpWDC,68688449,G-BLOCK Mixtape,235,"qqmusic://qq.com/media/playSonglist?p={""song"":[{""type"":""0"",""songmid"":""004DzWnG3Paq5c""}],""action"":""play""}",https://y.qq.com/n/ryqq/songDetail/004DzWnG3Paq5c
2025/6/8,1.75E+12,004RHpW32ed1ZJ,582719645,G-BLOCK INTRO,功夫胖KUNGFU-PEN/GAI周延/KEY.L刘聪,001qocFr1gpWDC,68688449,G-BLOCK Mixtape,195,"qqmusic://qq.com/media/playSonglist?p={""song"":[{""type"":""0"",""songmid"":""004RHpW32ed1ZJ""}],""action"":""play""}",https://y.qq.com/n/ryqq/songDetail/004RHpW32ed1ZJ
2025/6/8,1.75E+12,000qPqOW1lCG2q,582719656,如剑,KEY.L刘聪/GAI周延/功夫胖KUNGFU-PEN/盛宇D-SHINE,001qocFr1gpWDC,68688449,G-BLOCK Mixtape,249,"qqmusic://qq.com/media/playSonglist?p={""song"":[{""type"":""0"",""songmid"":""000qPqOW1lCG2q""}],""action"":""play""}",https://y.qq.com/n/ryqq/songDetail/000qPqOW1lCG2q
2025/6/8,1.75E+12,003cbMZc34hPzF,582719679,愚人码头,KEY.L刘聪/功夫胖KUNGFU-PEN/GAI周延/盛宇D-SHINE,001qocFr1gpWDC,68688449,G-BLOCK Mixtape,296,"qqmusic://qq.com/media/playSonglist?p={""song"":[{""type"":""0"",""songmid"":""003cbMZc34hPzF""}],""action"":""play""}",https://y.qq.com/n/ryqq/songDetail/003cbMZc34hPzF
2025/6/8,1.75E+12,003Yzqzq0eXnKz,582719799,我们的歌,功夫胖KUNGFU-PEN/GAI周延/KEY.L刘聪/盛宇D-SHINE,001qocFr1gpWDC,68688449,G-BLOCK Mixtape,306,"qqmusic://qq.com/media/playSonglist?p={""song"":[{""type"":""0"",""songmid"":""003Yzqzq0eXnKz""}],""action"":""play""}",https://y.qq.com/n/ryqq/songDetail/003Yzqzq0eXnKz
2025/6/8,1.74931E+12,001uX8kj3RA7t9,579545322,G-BLOCK CYPHER,GAI周延/功夫胖KUNGFU-PEN/KEY.L刘聪/盛宇D-SHINE,001qocFr1gpWDC,68688449,G-BLOCK Mixtape,236,"qqmusic://qq.com/media/playSonglist?p={""song"":[{""type"":""0"",""songmid"":""001uX8kj3RA7t9""}],""action"":""play""}",https://y.qq.com/n/ryqq/songDetail/001uX8kj3RA7t9
2025/6/8,1.74931E+12,003vRyVW4ZCyvv,581070613,人海,KEY.L刘聪/GAI周延/功夫胖KUNGFU-PEN/盛宇D-SHINE,001qocFr1gpWDC,68688449,G-BLOCK Mixtape,278,"qqmusic://qq.com/media/playSonglist?p={""song"":[{""type"":""0"",""songmid"":""003vRyVW4ZCyvv""}],""action"":""play""}",https://y.qq.com/n/ryqq/songDetail/003vRyVW4ZCyvv
2025/6/8,1.74931E+12,00063mmh1ZAHZY,582719625,神仙,GAI周延/KEY.L刘聪,001qocFr1gpWDC,68688449,G-BLOCK Mixtape,205,"qqmusic://qq.com/media/playSonglist?p={""song"":[{""type"":""0"",""songmid"":""00063mmh1ZAHZY""}],""action"":""play""}",https://y.qq.com/n/ryqq/songDetail/00063mmh1ZAHZY
2025/6/8,1.74931E+12,001nWXq21kvoge,582719651,仁义茶楼,GAI周延/功夫胖KUNGFU-PEN/盛宇D-SHINE/KEY.L刘聪,001qocFr1gpWDC,68688449,G-BLOCK Mixtape,229,"qqmusic://qq.com/media/playSonglist?p={""song"":[{""type"":""0"",""songmid"":""001nWXq21kvoge""}],""action"":""play""}",https://y.qq.com/n/ryqq/songDetail/001nWXq21kvoge
2025/6/8,1.74931E+12,000yIJzh3mL3GU,582719678,站台,GAI周延/功夫胖KUNGFU-PEN/KEY.L刘聪,001qocFr1gpWDC,68688449,G-BLOCK Mixtape,226,"qqmusic://qq.com/media/playSonglist?p={""song"":[{""type"":""0"",""songmid"":""000yIJzh3mL3GU""}],""action"":""play""}",https://y.qq.com/n/ryqq/songDetail/000yIJzh3mL3GU
2025/6/8,1.74931E+12,001m6JGl0B6ZyR,582719693,无期,GAI周延/功夫胖KUNGFU-PEN/KEY.L刘聪/盛宇D-SHINE,001qocFr1gpWDC,68688449,G-BLOCK Mixtape,308,"qqmusic://qq.com/media/playSonglist?p={""song"":[{""type"":""0"",""songmid"":""001m6JGl0B6ZyR""}],""action"":""play""}",https://y.qq.com/n/ryqq/songDetail/001m6JGl0B6ZyR
2025/6/14,1.74983E+12,000aMCRI4aBQ78,583765879,白鸽 (Live),GAI周延,001nqTLH4CU5xs,69011339,歌手2025 第5期,348,"qqmusic://qq.com/media/playSonglist?p={""song"":[{""type"":""0"",""songmid"":""000aMCRI4aBQ78""}],""action"":""play""}",https://y.qq.com/n/ryqq/songDetail/000aMCRI4aBQ78
2025/6/20,1.75035E+12,000wzQBa2GPUVA,585020518,唐装,GAI周延,000rMsxH4UyuRR,69371814,唐装,216,"qqmusic://qq.com/media/playSonglist?p={""song"":[{""type"":""0"",""songmid"":""000wzQBa2GPUVA""}],""action"":""play""}",https://y.qq.com/n/ryqq/songDetail/000wzQBa2GPUVA
2025/6/28,1.75104E+12,000ZJpXZ1g7zHz,587262375,兰花草 (Live|典藏),GAI周延,00422hv24P7WGk,69783599,歌手2025 第7期,256,"qqmusic://qq.com/media/playSonglist?p={""song"":[{""type"":""0"",""songmid"":""000ZJpXZ1g7zHz""}],""action"":""play""}",https://y.qq.com/n/ryqq/songDetail/000ZJpXZ1g7zHz
2025/7/5,1.75164E+12,002Hu6pi2ZsgRr,587512508,长路漫漫任我闯 (Live),GAI周延,003PzxXu28sOfz,70236949,歌手2025 第8期,377,"qqmusic://qq.com/media/playSonglist?p={""song"":[{""type"":""0"",""songmid"":""002Hu6pi2ZsgRr""}],""action"":""play""}",https://y.qq.com/n/ryqq/songDetail/002Hu6pi2ZsgRr
2025/7/19,1.75285E+12,002UMqX304sBBQ,590376113,故湘，风 (Live),GAI周延,003xWWHI0aq8ZI,70998051,歌手2025 第10期,323,"qqmusic://qq.com/media/playSonglist?p={""song"":[{""type"":""0"",""songmid"":""002UMqX304sBBQ""}],""action"":""play""}",https://y.qq.com/n/ryqq/songDetail/002UMqX304sBBQ
2025/8/16,1.75527E+12,0020HEmL3RNpfe,596994258,故湘，风,GAI周延,003UE4th4GWpZB,72509473,故湘，风,325,"qqmusic://qq.com/media/playSonglist?p={""song"":[{""type"":""0"",""songmid"":""0020HEmL3RNpfe""}],""action"":""play""}",https://y.qq.com/n/ryqq/songDetail/0020HEmL3RNpfe
2025/8/21,1.76E+12,001KWaUm3NGFUR,598372300,钟楼 (Feat.GAI周延),谢帝/GAI周延,003naOa20m3T3H,72807530,钟楼 (Feat.GAI周延),239,"qqmusic://qq.com/media/playSonglist?p={""song"":[{""type"":""0"",""songmid"":""001KWaUm3NGFUR""}],""action"":""play""}",https://y.qq.com/n/ryqq/songDetail/001KWaUm3NGFUR
2025/12/22,1.77E+12,001xBbLO3ohTfQ,627209449,明知山,戴佩妮/GAI周延,001t93VY2Kp7tg,81078272,明知山,251,"qqmusic://qq.com/media/playSonglist?p={""song"":[{""type"":""0"",""songmid"":""001xBbLO3ohTfQ""}],""action"":""play""}",https://y.qq.com/n/ryqq/songDetail/001xBbLO3ohTfQ
2026/1/16,1.77E+12,003q9YtV1xcS7B,634211434,铺天盖棣,GAI周延/王鹤棣,001ibPvB0xL0gT,83114173,铺天盖棣,214,"qqmusic://qq.com/media/playSonglist?p={""song"":[{""type"":""0"",""songmid"":""003q9YtV1xcS7B""}],""action"":""play""}",https://y.qq.com/n/ryqq/songDetail/003q9YtV1xcS7B
2026/2/10,1.77E+12,000nnDz44PUMyo,638048693,罪,GAI周延,0014eLwj1aPhbc,84537399,唐宫奇案之青雾风鸣 影视原声带,214,"qqmusic://qq.com/media/playSonglist?p={""song"":[{""type"":""0"",""songmid"":""000nnDz44PUMyo""}],""action"":""play""}",https://y.qq.com/n/ryqq/songDetail/000nnDz44PUMyo
2026/2/10,1.77E+12,000Kr0CQ08z4Vp,640023128,重庆忠勇,GAI周延/布瑞吉Bridge,003V8xJK1eCwx2,84704406,重庆忠勇,230,"qqmusic://qq.com/media/playSonglist?p={""song"":[{""type"":""0"",""songmid"":""000Kr0CQ08z4Vp""}],""action"":""play""}",https://y.qq.com/n/ryqq/songDetail/000Kr0CQ08z4Vp
2026/2/26,1.77204E+12,000k7nXt0VKQ8C,642129500,山歌王,功夫胖KUNGFU-PEN/GAI周延,003JoIEF090g2u,84980349,全家福,198,"qqmusic://qq.com/media/playSonglist?p={""song"":[{""type"":""0"",""songmid"":""000k7nXt0VKQ8C""}],""action"":""play""}",https://y.qq.com/n/ryqq/songDetail/000k7nXt0VKQ8C
2026/5/15,1.78E+12,001jg6ZD3Gr7a8,664581125,Break,GAI周延,004OEuto2OvymU,91949576,REAL G,21,"qqmusic://qq.com/media/playSonglist?p={""song"":[{""type"":""0"",""songmid"":""001jg6ZD3Gr7a8""}],""action"":""play""}",https://y.qq.com/n/ryqq/songDetail/001jg6ZD3Gr7a8
2026/5/15,1.78E+12,004PajhB1SDkpD,664581127,Interlude,GAI周延,004OEuto2OvymU,91949576,REAL G,46,"qqmusic://qq.com/media/playSonglist?p={""song"":[{""type"":""0"",""songmid"":""004PajhB1SDkpD""}],""action"":""play""}",https://y.qq.com/n/ryqq/songDetail/004PajhB1SDkpD
2026/5/15,1.78E+12,003zrVri16fMEP,664581128,Prelude,GAI周延,004OEuto2OvymU,91949576,REAL G,46,"qqmusic://qq.com/media/playSonglist?p={""song"":[{""type"":""0"",""songmid"":""003zrVri16fMEP""}],""action"":""play""}",https://y.qq.com/n/ryqq/songDetail/003zrVri16fMEP
2026/5/15,1.77877E+12,000OuMC947ow10,661454451,星梦-XingMeng,GAI周延,004OEuto2OvymU,91949576,REAL G,305,"qqmusic://qq.com/media/playSonglist?p={""song"":[{""type"":""0"",""songmid"":""000OuMC947ow10""}],""action"":""play""}",https://y.qq.com/n/ryqq/songDetail/000OuMC947ow10
2026/5/15,1.77877E+12,001nPszB2eium0,664581234,"家和万事兴-Happy wife,Happy life",GAI周延/布瑞吉Bridge,004OEuto2OvymU,91949576,REAL G,165,"qqmusic://qq.com/media/playSonglist?p={""song"":[{""type"":""0"",""songmid"":""001nPszB2eium0""}],""action"":""play""}",https://y.qq.com/n/ryqq/songDetail/001nPszB2eium0
2026/5/15,1.77877E+12,0039bl1Q1Gco0O,664581235,钱-Power,GAI周延,004OEuto2OvymU,91949576,REAL G,183,"qqmusic://qq.com/media/playSonglist?p={""song"":[{""type"":""0"",""songmid"":""0039bl1Q1Gco0O""}],""action"":""play""}",https://y.qq.com/n/ryqq/songDetail/0039bl1Q1Gco0O
2026/5/15,1.77877E+12,001WJBKi1SRtHx,664581236,我的哥-Bro Being Bro,GAI周延,004OEuto2OvymU,91949576,REAL G,196,"qqmusic://qq.com/media/playSonglist?p={""song"":[{""type"":""0"",""songmid"":""001WJBKi1SRtHx""}],""action"":""play""}",https://y.qq.com/n/ryqq/songDetail/001WJBKi1SRtHx
2026/5/15,1.77877E+12,001C9EVo2Oatw3,664581237,牌子货-Luxury,GAI周延,004OEuto2OvymU,91949576,REAL G,185,"qqmusic://qq.com/media/playSonglist?p={""song"":[{""type"":""0"",""songmid"":""001C9EVo2Oatw3""}],""action"":""play""}",https://y.qq.com/n/ryqq/songDetail/001C9EVo2Oatw3
2026/5/15,1.77877E+12,001perWz4dymsS,664581264,冰红茶-Ice Tea,GAI周延,004OEuto2OvymU,91949576,REAL G,214,"qqmusic://qq.com/media/playSonglist?p={""song"":[{""type"":""0"",""songmid"":""001perWz4dymsS""}],""action"":""play""}",https://y.qq.com/n/ryqq/songDetail/001perWz4dymsS
2026/5/15,1.77877E+12,000oZIId4QH4eF,664581274,华佗-Hua Tuo,GAI周延,004OEuto2OvymU,91949576,REAL G,215,"qqmusic://qq.com/media/playSonglist?p={""song"":[{""type"":""0"",""songmid"":""000oZIId4QH4eF""}],""action"":""play""}",https://y.qq.com/n/ryqq/songDetail/000oZIId4QH4eF
2026/5/15,1.77877E+12,000Vf5Gk4auBD7,664581281,宾士-Benz,GAI周延,004OEuto2OvymU,91949576,REAL G,199,"qqmusic://qq.com/media/playSonglist?p={""song"":[{""type"":""0"",""songmid"":""000Vf5Gk4auBD7""}],""action"":""play""}",https://y.qq.com/n/ryqq/songDetail/000Vf5Gk4auBD7
2026/5/15,1.77877E+12,001CA1Hf0zxPsY,664581284,赢-I always win,GAI周延,004OEuto2OvymU,91949576,REAL G,215,"qqmusic://qq.com/media/playSonglist?p={""song"":[{""type"":""0"",""songmid"":""001CA1Hf0zxPsY""}],""action"":""play""}",https://y.qq.com/n/ryqq/songDetail/001CA1Hf0zxPsY
2026/5/15,1.77877E+12,001WykL31OImwY,664581285,我的小芳- Sarah,GAI周延,004OEuto2OvymU,91949576,REAL G,220,"qqmusic://qq.com/media/playSonglist?p={""song"":[{""type"":""0"",""songmid"":""001WykL31OImwY""}],""action"":""play""}",https://y.qq.com/n/ryqq/songDetail/001WykL31OImwY
2026/5/15,1.77877E+12,0038RhRb1Mr2q9,664581287,不换-Stay,GAI周延,004OEuto2OvymU,91949576,REAL G,243,"qqmusic://qq.com/media/playSonglist?p={""song"":[{""type"":""0"",""songmid"":""0038RhRb1Mr2q9""}],""action"":""play""}",https://y.qq.com/n/ryqq/songDetail/0038RhRb1Mr2q9
2026/5/15,1.77877E+12,004QDSMF0izGAq,664581323,梦话-Murmur,GAI周延,004OEuto2OvymU,91949576,REAL G,242,"qqmusic://qq.com/media/playSonglist?p={""song"":[{""type"":""0"",""songmid"":""004QDSMF0izGAq""}],""action"":""play""}",https://y.qq.com/n/ryqq/songDetail/004QDSMF0izGAq
2026/5/15,1.77877E+12,001uDuzI321pOR,664581360,安安-Good Trip,GAI周延,004OEuto2OvymU,91949576,REAL G,292,"qqmusic://qq.com/media/playSonglist?p={""song"":[{""type"":""0"",""songmid"":""001uDuzI321pOR""}],""action"":""play""}",https://y.qq.com/n/ryqq/songDetail/001uDuzI321pOR
